{
  "generated_at_utc": "2026-07-12T23:38:40.998672+00:00",
  "pending": 64,
  "edge_detected": false,
  "headline": {
    "n": 374,
    "excluded_certain": 36,
    "win_rate": 0.5668449197860963,
    "wr_lo": 0.5161969211168307,
    "wr_hi": 0.6161336639749115,
    "implied": 0.5580358288770053,
    "edge_pts": 0.8809090909090989,
    "edge_lo_pts": -4.183890776017463,
    "edge_hi_pts": 5.8097835097906225,
    "brier": 0.24366534352941174,
    "roi_net": 0.2830401340226785,
    "roi_median": 0.06992634830125916
  },
  "cohorts": {
    "by_signal": {
      "pure_count": {
        "n": 150,
        "win_rate": 0.4933,
        "implied": 0.5023,
        "edge_pts": -0.89
      },
      "capital_weighted": {
        "n": 143,
        "win_rate": 0.6014,
        "implied": 0.592,
        "edge_pts": 0.94
      },
      "conviction": {
        "n": 81,
        "win_rate": 0.642,
        "implied": 0.6013,
        "edge_pts": 4.07
      }
    },
    "freshness": {
      "fresh": {
        "n": 104,
        "win_rate": 0.4904,
        "implied": 0.5289,
        "edge_pts": -3.85
      },
      "late": {
        "n": 128,
        "win_rate": 0.6328,
        "implied": 0.5834,
        "edge_pts": 4.94
      }
    },
    "agreement": {
      "clean": {
        "n": 31,
        "win_rate": 0.5806,
        "implied": 0.6733,
        "edge_pts": -9.26
      },
      "conflicted": {
        "n": 150,
        "win_rate": 0.6133,
        "implied": 0.5687,
        "edge_pts": 4.46
      }
    },
    "movement": {
      "new_or_rising": {
        "n": 139,
        "win_rate": 0.5899,
        "implied": 0.5703,
        "edge_pts": 1.96
      },
      "standing": {
        "n": 8,
        "win_rate": 0.75,
        "implied": 0.6131,
        "edge_pts": 13.69
      }
    }
  },
  "n_calls": 374,
  "n_unique_markets": 233
}