{
  "generated_at_utc": "2026-07-18T10:04:29.951812+00:00",
  "pending": 84,
  "edge_detected": false,
  "headline": {
    "n": 475,
    "excluded_certain": 45,
    "win_rate": 0.5621052631578948,
    "wr_lo": 0.517166288120982,
    "wr_hi": 0.6060477350549494,
    "implied": 0.5533492631578948,
    "edge_pts": 0.8755999999999986,
    "edge_lo_pts": -3.6182975036912812,
    "edge_hi_pts": 5.269847189705457,
    "brier": 0.2470300404842105,
    "roi_net": 0.30774479982661607,
    "roi_median": 0.06695652173913039
  },
  "cohorts": {
    "by_signal": {
      "pure_count": {
        "n": 212,
        "win_rate": 0.5047,
        "implied": 0.5113,
        "edge_pts": -0.66
      },
      "capital_weighted": {
        "n": 165,
        "win_rate": 0.6061,
        "implied": 0.5866,
        "edge_pts": 1.95
      },
      "conviction": {
        "n": 98,
        "win_rate": 0.6122,
        "implied": 0.5884,
        "edge_pts": 2.38
      }
    },
    "freshness": {
      "fresh": {
        "n": 131,
        "win_rate": 0.4809,
        "implied": 0.5214,
        "edge_pts": -4.04
      },
      "late": {
        "n": 167,
        "win_rate": 0.6347,
        "implied": 0.5818,
        "edge_pts": 5.3
      }
    },
    "agreement": {
      "clean": {
        "n": 43,
        "win_rate": 0.5814,
        "implied": 0.6756,
        "edge_pts": -9.42
      },
      "conflicted": {
        "n": 202,
        "win_rate": 0.599,
        "implied": 0.5539,
        "edge_pts": 4.51
      }
    },
    "movement": {
      "new_or_rising": {
        "n": 198,
        "win_rate": 0.5859,
        "implied": 0.5653,
        "edge_pts": 2.05
      },
      "standing": {
        "n": 11,
        "win_rate": 0.6364,
        "implied": 0.547,
        "edge_pts": 8.93
      }
    }
  },
  "n_calls": 475,
  "n_unique_markets": 300
}