{
  "generated_at_utc": "2026-07-11T10:05:36.316558+00:00",
  "pending": 71,
  "edge_detected": false,
  "headline": {
    "n": 319,
    "excluded_certain": 31,
    "win_rate": 0.5454545454545454,
    "wr_lo": 0.4905947875285451,
    "wr_hi": 0.5992325457519242,
    "implied": 0.5457489028213167,
    "edge_pts": -0.029435736677130286,
    "edge_lo_pts": -5.515411529277165,
    "edge_hi_pts": 5.348364293060747,
    "brier": 0.24596672172413794,
    "roi_net": 0.2859170687349501,
    "roi_median": 0.06695652173913039
  },
  "cohorts": {
    "by_signal": {
      "pure_count": {
        "n": 123,
        "win_rate": 0.4797,
        "implied": 0.4919,
        "edge_pts": -1.22
      },
      "capital_weighted": {
        "n": 125,
        "win_rate": 0.568,
        "implied": 0.5696,
        "edge_pts": -0.16
      },
      "conviction": {
        "n": 71,
        "win_rate": 0.6197,
        "implied": 0.597,
        "edge_pts": 2.27
      }
    },
    "freshness": {
      "fresh": {
        "n": 89,
        "win_rate": 0.4831,
        "implied": 0.5139,
        "edge_pts": -3.08
      },
      "late": {
        "n": 106,
        "win_rate": 0.6132,
        "implied": 0.576,
        "edge_pts": 3.72
      }
    },
    "agreement": {
      "clean": {
        "n": 24,
        "win_rate": 0.5833,
        "implied": 0.7012,
        "edge_pts": -11.79
      },
      "conflicted": {
        "n": 120,
        "win_rate": 0.6,
        "implied": 0.5563,
        "edge_pts": 4.37
      }
    },
    "movement": {
      "new_or_rising": {
        "n": 104,
        "win_rate": 0.5769,
        "implied": 0.5538,
        "edge_pts": 2.32
      },
      "standing": {
        "n": 6,
        "win_rate": 0.5,
        "implied": 0.5202,
        "edge_pts": -2.02
      }
    }
  },
  "n_calls": 319,
  "n_unique_markets": 196
}