{
  "generated_at_utc": "2026-07-08T00:15:59.310703+00:00",
  "pending": 67,
  "edge_detected": false,
  "headline": {
    "n": 258,
    "excluded_certain": 25,
    "win_rate": 0.5426356589147286,
    "wr_lo": 0.48166456082729414,
    "wr_hi": 0.6023557018047706,
    "implied": 0.5552457364341086,
    "edge_pts": -1.2610077519379925,
    "edge_lo_pts": -7.358117560681443,
    "edge_hi_pts": 4.710996537066203,
    "brier": 0.2443642460465116,
    "roi_net": 0.1801808283968617,
    "roi_median": 0.06695652173913039
  },
  "cohorts": {
    "by_signal": {
      "pure_count": {
        "n": 89,
        "win_rate": 0.4607,
        "implied": 0.5001,
        "edge_pts": -3.95
      },
      "capital_weighted": {
        "n": 105,
        "win_rate": 0.5619,
        "implied": 0.5667,
        "edge_pts": -0.48
      },
      "conviction": {
        "n": 64,
        "win_rate": 0.625,
        "implied": 0.6131,
        "edge_pts": 1.19
      }
    },
    "freshness": {
      "fresh": {
        "n": 66,
        "win_rate": 0.5152,
        "implied": 0.5114,
        "edge_pts": 0.38
      },
      "late": {
        "n": 85,
        "win_rate": 0.5882,
        "implied": 0.5854,
        "edge_pts": 0.28
      }
    },
    "agreement": {
      "clean": {
        "n": 14,
        "win_rate": 0.7857,
        "implied": 0.7691,
        "edge_pts": 1.66
      },
      "conflicted": {
        "n": 86,
        "win_rate": 0.593,
        "implied": 0.5769,
        "edge_pts": 1.61
      }
    },
    "movement": {
      "new_or_rising": {
        "n": 63,
        "win_rate": 0.619,
        "implied": 0.5723,
        "edge_pts": 4.67
      },
      "standing": {
        "n": 1,
        "win_rate": 0.0,
        "implied": 0.55,
        "edge_pts": -55.0
      }
    }
  },
  "n_calls": 258,
  "n_unique_markets": 152
}