{
  "generated_at_utc": "2026-07-11T20:11:39.597534+00:00",
  "pending": 86,
  "edge_detected": false,
  "headline": {
    "n": 321,
    "excluded_certain": 31,
    "win_rate": 0.5451713395638629,
    "wr_lo": 0.49048298282672687,
    "wr_hi": 0.5987912973147328,
    "implied": 0.5449965732087227,
    "edge_pts": 0.01747663551401324,
    "edge_lo_pts": -5.451359038199588,
    "edge_hi_pts": 5.3794724106010054,
    "brier": 0.24460026239875393,
    "roi_net": 0.28177444301713517,
    "roi_median": 0.06695652173913039
  },
  "cohorts": {
    "by_signal": {
      "pure_count": {
        "n": 124,
        "win_rate": 0.4758,
        "implied": 0.4885,
        "edge_pts": -1.27
      },
      "capital_weighted": {
        "n": 126,
        "win_rate": 0.5714,
        "implied": 0.5713,
        "edge_pts": 0.01
      },
      "conviction": {
        "n": 71,
        "win_rate": 0.6197,
        "implied": 0.597,
        "edge_pts": 2.27
      }
    },
    "freshness": {
      "fresh": {
        "n": 91,
        "win_rate": 0.4725,
        "implied": 0.5079,
        "edge_pts": -3.54
      },
      "late": {
        "n": 106,
        "win_rate": 0.6226,
        "implied": 0.5797,
        "edge_pts": 4.3
      }
    },
    "agreement": {
      "clean": {
        "n": 22,
        "win_rate": 0.5455,
        "implied": 0.6716,
        "edge_pts": -12.62
      },
      "conflicted": {
        "n": 124,
        "win_rate": 0.6048,
        "implied": 0.5618,
        "edge_pts": 4.31
      }
    },
    "movement": {
      "new_or_rising": {
        "n": 106,
        "win_rate": 0.5849,
        "implied": 0.5473,
        "edge_pts": 3.76
      },
      "standing": {
        "n": 7,
        "win_rate": 0.4286,
        "implied": 0.6391,
        "edge_pts": -21.06
      }
    }
  },
  "n_calls": 321,
  "n_unique_markets": 198
}