{
  "generated_at_utc": "2026-07-22T00:05:17.725022+00:00",
  "pending": 72,
  "edge_detected": false,
  "headline": {
    "n": 591,
    "excluded_certain": 56,
    "win_rate": 0.5769881556683587,
    "wr_lo": 0.5367855885199525,
    "wr_hi": 0.616196314561473,
    "implied": 0.549265143824027,
    "edge_pts": 2.772301184433168,
    "edge_lo_pts": -1.2479555304074519,
    "edge_hi_pts": 6.693117073744592,
    "brier": 0.2452492799492386,
    "roi_net": 0.37476884048367354,
    "roi_median": 0.07890109890109887
  },
  "cohorts": {
    "by_signal": {
      "pure_count": {
        "n": 290,
        "win_rate": 0.5241,
        "implied": 0.5117,
        "edge_pts": 1.25
      },
      "capital_weighted": {
        "n": 190,
        "win_rate": 0.6263,
        "implied": 0.5914,
        "edge_pts": 3.49
      },
      "conviction": {
        "n": 111,
        "win_rate": 0.6306,
        "implied": 0.5754,
        "edge_pts": 5.53
      }
    },
    "freshness": {
      "fresh": {
        "n": 154,
        "win_rate": 0.4481,
        "implied": 0.5166,
        "edge_pts": -6.85
      },
      "late": {
        "n": 229,
        "win_rate": 0.6638,
        "implied": 0.5791,
        "edge_pts": 8.46
      }
    },
    "agreement": {
      "clean": {
        "n": 67,
        "win_rate": 0.6269,
        "implied": 0.6773,
        "edge_pts": -5.04
      },
      "conflicted": {
        "n": 262,
        "win_rate": 0.5954,
        "implied": 0.5414,
        "edge_pts": 5.41
      }
    },
    "movement": {
      "new_or_rising": {
        "n": 279,
        "win_rate": 0.5878,
        "implied": 0.5551,
        "edge_pts": 3.27
      },
      "standing": {
        "n": 14,
        "win_rate": 0.7857,
        "implied": 0.6667,
        "edge_pts": 11.9
      }
    }
  },
  "n_calls": 591,
  "n_unique_markets": 387
}