{
  "generated_at_utc": "2026-07-17T16:46:17.232449+00:00",
  "pending": 78,
  "edge_detected": false,
  "headline": {
    "n": 466,
    "excluded_certain": 44,
    "win_rate": 0.5579399141630901,
    "wr_lo": 0.5125566086120038,
    "wr_hi": 0.6023757430571545,
    "implied": 0.5536478540772531,
    "edge_pts": 0.4292060085836935,
    "edge_lo_pts": -4.109124546524933,
    "edge_hi_pts": 4.872788897990132,
    "brier": 0.24653024942060084,
    "roi_net": 0.2984534723042818,
    "roi_median": 0.06695652173913039
  },
  "cohorts": {
    "by_signal": {
      "pure_count": {
        "n": 204,
        "win_rate": 0.4951,
        "implied": 0.5111,
        "edge_pts": -1.6
      },
      "capital_weighted": {
        "n": 164,
        "win_rate": 0.6037,
        "implied": 0.5858,
        "edge_pts": 1.78
      },
      "conviction": {
        "n": 98,
        "win_rate": 0.6122,
        "implied": 0.5884,
        "edge_pts": 2.38
      }
    },
    "freshness": {
      "fresh": {
        "n": 128,
        "win_rate": 0.4844,
        "implied": 0.5222,
        "edge_pts": -3.78
      },
      "late": {
        "n": 162,
        "win_rate": 0.6235,
        "implied": 0.5849,
        "edge_pts": 3.86
      }
    },
    "agreement": {
      "clean": {
        "n": 42,
        "win_rate": 0.5714,
        "implied": 0.6832,
        "edge_pts": -11.18
      },
      "conflicted": {
        "n": 196,
        "win_rate": 0.5969,
        "implied": 0.5551,
        "edge_pts": 4.18
      }
    },
    "movement": {
      "new_or_rising": {
        "n": 190,
        "win_rate": 0.5789,
        "implied": 0.5685,
        "edge_pts": 1.05
      },
      "standing": {
        "n": 12,
        "win_rate": 0.6667,
        "implied": 0.5413,
        "edge_pts": 12.54
      }
    }
  },
  "n_calls": 466,
  "n_unique_markets": 292
}