{
  "generated_at_utc": "2026-07-20T19:15:47.274729+00:00",
  "pending": 69,
  "edge_detected": false,
  "headline": {
    "n": 549,
    "excluded_certain": 54,
    "win_rate": 0.5774134790528234,
    "wr_lo": 0.5356948155151405,
    "wr_hi": 0.6180562770220347,
    "implied": 0.5534821493624773,
    "edge_pts": 2.393132969034606,
    "edge_lo_pts": -1.7787333847336773,
    "edge_hi_pts": 6.457412765955739,
    "brier": 0.2454902995446266,
    "roi_net": 0.3648740032659692,
    "roi_median": 0.07890109890109887
  },
  "cohorts": {
    "by_signal": {
      "pure_count": {
        "n": 253,
        "win_rate": 0.5217,
        "implied": 0.5169,
        "edge_pts": 0.48
      },
      "capital_weighted": {
        "n": 185,
        "win_rate": 0.6216,
        "implied": 0.5904,
        "edge_pts": 3.13
      },
      "conviction": {
        "n": 111,
        "win_rate": 0.6306,
        "implied": 0.5754,
        "edge_pts": 5.53
      }
    },
    "freshness": {
      "fresh": {
        "n": 142,
        "win_rate": 0.493,
        "implied": 0.5318,
        "edge_pts": -3.88
      },
      "late": {
        "n": 202,
        "win_rate": 0.6386,
        "implied": 0.5812,
        "edge_pts": 5.74
      }
    },
    "agreement": {
      "clean": {
        "n": 64,
        "win_rate": 0.6094,
        "implied": 0.6683,
        "edge_pts": -5.9
      },
      "conflicted": {
        "n": 227,
        "win_rate": 0.6035,
        "implied": 0.5521,
        "edge_pts": 5.15
      }
    },
    "movement": {
      "new_or_rising": {
        "n": 242,
        "win_rate": 0.5909,
        "implied": 0.5653,
        "edge_pts": 2.56
      },
      "standing": {
        "n": 12,
        "win_rate": 0.8333,
        "implied": 0.6188,
        "edge_pts": 21.45
      }
    }
  },
  "n_calls": 549,
  "n_unique_markets": 348
}