{
  "generated_at_utc": "2026-07-16T11:21:16.280297+00:00",
  "pending": 72,
  "edge_detected": false,
  "headline": {
    "n": 442,
    "excluded_certain": 43,
    "win_rate": 0.5565610859728507,
    "wr_lo": 0.5099564822667282,
    "wr_hi": 0.6021909709991851,
    "implied": 0.5551174208144796,
    "edge_pts": 0.14436651583711324,
    "edge_lo_pts": -4.516093854775138,
    "edge_hi_pts": 4.707355018470549,
    "brier": 0.24376823128959277,
    "roi_net": 0.28000303633716794,
    "roi_median": 0.06695652173913039
  },
  "cohorts": {
    "by_signal": {
      "pure_count": {
        "n": 183,
        "win_rate": 0.4918,
        "implied": 0.5093,
        "edge_pts": -1.75
      },
      "capital_weighted": {
        "n": 162,
        "win_rate": 0.5988,
        "implied": 0.5885,
        "edge_pts": 1.02
      },
      "conviction": {
        "n": 97,
        "win_rate": 0.6082,
        "implied": 0.5857,
        "edge_pts": 2.25
      }
    },
    "freshness": {
      "fresh": {
        "n": 116,
        "win_rate": 0.4741,
        "implied": 0.5269,
        "edge_pts": -5.28
      },
      "late": {
        "n": 153,
        "win_rate": 0.634,
        "implied": 0.5906,
        "edge_pts": 4.34
      }
    },
    "agreement": {
      "clean": {
        "n": 42,
        "win_rate": 0.5714,
        "implied": 0.6755,
        "edge_pts": -10.41
      },
      "conflicted": {
        "n": 175,
        "win_rate": 0.6057,
        "implied": 0.5658,
        "edge_pts": 3.99
      }
    },
    "movement": {
      "new_or_rising": {
        "n": 170,
        "win_rate": 0.5882,
        "implied": 0.571,
        "edge_pts": 1.73
      },
      "standing": {
        "n": 11,
        "win_rate": 0.6364,
        "implied": 0.6666,
        "edge_pts": -3.02
      }
    }
  },
  "n_calls": 442,
  "n_unique_markets": 271
}