{
  "generated_at_utc": "2026-07-21T00:14:00.651771+00:00",
  "pending": 72,
  "edge_detected": false,
  "headline": {
    "n": 558,
    "excluded_certain": 54,
    "win_rate": 0.5770609318996416,
    "wr_lo": 0.5356799888339536,
    "wr_hi": 0.6173880645106189,
    "implied": 0.5529134408602151,
    "edge_pts": 2.4147491039426483,
    "edge_lo_pts": -1.7233452026261475,
    "edge_hi_pts": 6.44746236504038,
    "brier": 0.24385702948028673,
    "roi_net": 0.3584606028166999,
    "roi_median": 0.07890109890109887
  },
  "cohorts": {
    "by_signal": {
      "pure_count": {
        "n": 262,
        "win_rate": 0.5229,
        "implied": 0.5169,
        "edge_pts": 0.6
      },
      "capital_weighted": {
        "n": 185,
        "win_rate": 0.6216,
        "implied": 0.5904,
        "edge_pts": 3.13
      },
      "conviction": {
        "n": 111,
        "win_rate": 0.6306,
        "implied": 0.5754,
        "edge_pts": 5.53
      }
    },
    "freshness": {
      "fresh": {
        "n": 146,
        "win_rate": 0.4795,
        "implied": 0.5263,
        "edge_pts": -4.68
      },
      "late": {
        "n": 207,
        "win_rate": 0.6473,
        "implied": 0.5824,
        "edge_pts": 6.5
      }
    },
    "agreement": {
      "clean": {
        "n": 65,
        "win_rate": 0.5846,
        "implied": 0.667,
        "edge_pts": -8.24
      },
      "conflicted": {
        "n": 235,
        "win_rate": 0.6085,
        "implied": 0.5503,
        "edge_pts": 5.82
      }
    },
    "movement": {
      "new_or_rising": {
        "n": 252,
        "win_rate": 0.5913,
        "implied": 0.5611,
        "edge_pts": 3.02
      },
      "standing": {
        "n": 11,
        "win_rate": 0.8182,
        "implied": 0.6746,
        "edge_pts": 14.36
      }
    }
  },
  "n_calls": 558,
  "n_unique_markets": 357
}