{
  "generated_at_utc": "2026-07-03T08:38:39.298376+00:00",
  "pending": 73,
  "edge_detected": false,
  "headline": {
    "n": 136,
    "excluded_certain": 16,
    "win_rate": 0.5441176470588235,
    "wr_lo": 0.46034800812412696,
    "wr_hi": 0.6254633670317638,
    "implied": 0.5599367647058823,
    "edge_pts": -1.581911764705879,
    "edge_lo_pts": -9.95887565817553,
    "edge_hi_pts": 6.552660232588147,
    "brier": 0.2660727792647059,
    "roi_net": 0.313006620352205,
    "roi_median": 0.06695652173913039
  },
  "cohorts": {
    "by_signal": {
      "pure_count": {
        "n": 48,
        "win_rate": 0.4583,
        "implied": 0.486,
        "edge_pts": -2.77
      },
      "capital_weighted": {
        "n": 57,
        "win_rate": 0.5789,
        "implied": 0.5764,
        "edge_pts": 0.25
      },
      "conviction": {
        "n": 31,
        "win_rate": 0.6129,
        "implied": 0.6441,
        "edge_pts": -3.12
      }
    },
    "freshness": {
      "fresh": {
        "n": 36,
        "win_rate": 0.4722,
        "implied": 0.4873,
        "edge_pts": -1.51
      },
      "late": {
        "n": 43,
        "win_rate": 0.6047,
        "implied": 0.6206,
        "edge_pts": -1.6
      }
    },
    "agreement": {
      "clean": {
        "n": 5,
        "win_rate": 0.8,
        "implied": 0.761,
        "edge_pts": 3.9
      },
      "conflicted": {
        "n": 26,
        "win_rate": 0.6538,
        "implied": 0.635,
        "edge_pts": 1.88
      }
    }
  },
  "n_calls": 136,
  "n_unique_markets": 80
}