{
  "generated_at_utc": "2026-07-11T16:12:09.847226+00:00",
  "pending": 78,
  "edge_detected": false,
  "headline": {
    "n": 320,
    "excluded_certain": 31,
    "win_rate": 0.546875,
    "wr_lo": 0.49209817623319324,
    "wr_hi": 0.6005397059907088,
    "implied": 0.5464809374999999,
    "edge_pts": 0.03940625000000697,
    "edge_lo_pts": -5.438276126680669,
    "edge_hi_pts": 5.405876849070889,
    "brier": 0.24534932571874996,
    "roi_net": 0.28584248815156366,
    "roi_median": 0.06695652173913039
  },
  "cohorts": {
    "by_signal": {
      "pure_count": {
        "n": 123,
        "win_rate": 0.4797,
        "implied": 0.4919,
        "edge_pts": -1.22
      },
      "capital_weighted": {
        "n": 126,
        "win_rate": 0.5714,
        "implied": 0.5713,
        "edge_pts": 0.01
      },
      "conviction": {
        "n": 71,
        "win_rate": 0.6197,
        "implied": 0.597,
        "edge_pts": 2.27
      }
    },
    "freshness": {
      "fresh": {
        "n": 90,
        "win_rate": 0.4778,
        "implied": 0.5126,
        "edge_pts": -3.48
      },
      "late": {
        "n": 106,
        "win_rate": 0.6226,
        "implied": 0.5797,
        "edge_pts": 4.3
      }
    },
    "agreement": {
      "clean": {
        "n": 22,
        "win_rate": 0.5909,
        "implied": 0.7066,
        "edge_pts": -11.57
      },
      "conflicted": {
        "n": 123,
        "win_rate": 0.6016,
        "implied": 0.5595,
        "edge_pts": 4.21
      }
    },
    "movement": {
      "new_or_rising": {
        "n": 104,
        "win_rate": 0.5865,
        "implied": 0.5544,
        "edge_pts": 3.22
      },
      "standing": {
        "n": 8,
        "win_rate": 0.5,
        "implied": 0.5955,
        "edge_pts": -9.55
      }
    }
  },
  "n_calls": 320,
  "n_unique_markets": 197
}