{
  "generated_at_utc": "2026-07-17T23:38:28.168161+00:00",
  "pending": 85,
  "edge_detected": false,
  "headline": {
    "n": 469,
    "excluded_certain": 45,
    "win_rate": 0.55863539445629,
    "wr_lo": 0.5133994515521938,
    "wr_hi": 0.6029185712275278,
    "implied": 0.5515968017057569,
    "edge_pts": 0.703859275053309,
    "edge_lo_pts": -3.819735015356307,
    "edge_hi_pts": 5.132176952177092,
    "brier": 0.24738767,
    "roi_net": 0.3081550664322506,
    "roi_median": 0.06695652173913039
  },
  "cohorts": {
    "by_signal": {
      "pure_count": {
        "n": 207,
        "win_rate": 0.4976,
        "implied": 0.507,
        "edge_pts": -0.95
      },
      "capital_weighted": {
        "n": 164,
        "win_rate": 0.6037,
        "implied": 0.5858,
        "edge_pts": 1.78
      },
      "conviction": {
        "n": 98,
        "win_rate": 0.6122,
        "implied": 0.5884,
        "edge_pts": 2.38
      }
    },
    "freshness": {
      "fresh": {
        "n": 130,
        "win_rate": 0.4846,
        "implied": 0.5226,
        "edge_pts": -3.8
      },
      "late": {
        "n": 163,
        "win_rate": 0.6258,
        "implied": 0.5788,
        "edge_pts": 4.69
      }
    },
    "agreement": {
      "clean": {
        "n": 43,
        "win_rate": 0.5581,
        "implied": 0.6687,
        "edge_pts": -11.05
      },
      "conflicted": {
        "n": 198,
        "win_rate": 0.601,
        "implied": 0.5528,
        "edge_pts": 4.83
      }
    },
    "movement": {
      "new_or_rising": {
        "n": 193,
        "win_rate": 0.5803,
        "implied": 0.5633,
        "edge_pts": 1.7
      },
      "standing": {
        "n": 12,
        "win_rate": 0.6667,
        "implied": 0.5413,
        "edge_pts": 12.54
      }
    }
  },
  "n_calls": 469,
  "n_unique_markets": 295
}