{
  "generated_at_utc": "2026-07-17T10:59:47.294483+00:00",
  "pending": 75,
  "edge_detected": false,
  "headline": {
    "n": 464,
    "excluded_certain": 44,
    "win_rate": 0.5581896551724138,
    "wr_lo": 0.5127089963856171,
    "wr_hi": 0.6027146854759362,
    "implied": 0.5539329741379311,
    "edge_pts": 0.42566810344827344,
    "edge_lo_pts": -4.122397775231401,
    "edge_hi_pts": 4.878171133800513,
    "brier": 0.2471712742025862,
    "roi_net": 0.3009436133886074,
    "roi_median": 0.06695652173913039
  },
  "cohorts": {
    "by_signal": {
      "pure_count": {
        "n": 202,
        "win_rate": 0.495,
        "implied": 0.5113,
        "edge_pts": -1.63
      },
      "capital_weighted": {
        "n": 164,
        "win_rate": 0.6037,
        "implied": 0.5858,
        "edge_pts": 1.78
      },
      "conviction": {
        "n": 98,
        "win_rate": 0.6122,
        "implied": 0.5884,
        "edge_pts": 2.38
      }
    },
    "freshness": {
      "fresh": {
        "n": 126,
        "win_rate": 0.4762,
        "implied": 0.5185,
        "edge_pts": -4.23
      },
      "late": {
        "n": 162,
        "win_rate": 0.6296,
        "implied": 0.5896,
        "edge_pts": 4.0
      }
    },
    "agreement": {
      "clean": {
        "n": 41,
        "win_rate": 0.5854,
        "implied": 0.6867,
        "edge_pts": -10.13
      },
      "conflicted": {
        "n": 195,
        "win_rate": 0.5949,
        "implied": 0.557,
        "edge_pts": 3.78
      }
    },
    "movement": {
      "new_or_rising": {
        "n": 187,
        "win_rate": 0.5829,
        "implied": 0.5673,
        "edge_pts": 1.56
      },
      "standing": {
        "n": 13,
        "win_rate": 0.6154,
        "implied": 0.5919,
        "edge_pts": 2.35
      }
    }
  },
  "n_calls": 464,
  "n_unique_markets": 290
}