{
  "generated_at_utc": "2026-07-08T18:06:14.960404+00:00",
  "pending": 66,
  "edge_detected": false,
  "headline": {
    "n": 276,
    "excluded_certain": 26,
    "win_rate": 0.5398550724637681,
    "wr_lo": 0.48090901910124895,
    "wr_hi": 0.5977068836094274,
    "implied": 0.545809420289855,
    "edge_pts": -0.5954347826086948,
    "edge_lo_pts": -6.490040118860607,
    "edge_hi_pts": 5.189746331957235,
    "brier": 0.24955166478260865,
    "roi_net": 0.2920674104461253,
    "roi_median": 0.06695652173913039
  },
  "cohorts": {
    "by_signal": {
      "pure_count": {
        "n": 102,
        "win_rate": 0.4608,
        "implied": 0.4926,
        "edge_pts": -3.18
      },
      "capital_weighted": {
        "n": 109,
        "win_rate": 0.5596,
        "implied": 0.5604,
        "edge_pts": -0.07
      },
      "conviction": {
        "n": 65,
        "win_rate": 0.6308,
        "implied": 0.6049,
        "edge_pts": 2.58
      }
    },
    "freshness": {
      "fresh": {
        "n": 78,
        "win_rate": 0.4872,
        "implied": 0.5024,
        "edge_pts": -1.52
      },
      "late": {
        "n": 88,
        "win_rate": 0.6023,
        "implied": 0.5859,
        "edge_pts": 1.64
      }
    },
    "agreement": {
      "clean": {
        "n": 16,
        "win_rate": 0.6875,
        "implied": 0.6829,
        "edge_pts": 0.46
      },
      "conflicted": {
        "n": 100,
        "win_rate": 0.58,
        "implied": 0.5665,
        "edge_pts": 1.35
      }
    },
    "movement": {
      "new_or_rising": {
        "n": 78,
        "win_rate": 0.5769,
        "implied": 0.5553,
        "edge_pts": 2.16
      },
      "standing": {
        "n": 5,
        "win_rate": 0.4,
        "implied": 0.4628,
        "edge_pts": -6.28
      }
    }
  },
  "n_calls": 276,
  "n_unique_markets": 167
}