{
  "generated_at_utc": "2026-07-19T16:13:50.012211+00:00",
  "pending": 85,
  "edge_detected": false,
  "headline": {
    "n": 498,
    "excluded_certain": 46,
    "win_rate": 0.5582329317269076,
    "wr_lo": 0.5143361365560241,
    "wr_hi": 0.6012381801207919,
    "implied": 0.554124297188755,
    "edge_pts": 0.4108634538152578,
    "edge_lo_pts": -3.978816063273094,
    "edge_hi_pts": 4.711388293203688,
    "brier": 0.2469111209437751,
    "roi_net": 0.29931558860078034,
    "roi_median": 0.06695652173913039
  },
  "cohorts": {
    "by_signal": {
      "pure_count": {
        "n": 225,
        "win_rate": 0.5022,
        "implied": 0.512,
        "edge_pts": -0.98
      },
      "capital_weighted": {
        "n": 172,
        "win_rate": 0.6047,
        "implied": 0.5947,
        "edge_pts": 1.0
      },
      "conviction": {
        "n": 101,
        "win_rate": 0.604,
        "implied": 0.5789,
        "edge_pts": 2.51
      }
    },
    "freshness": {
      "fresh": {
        "n": 134,
        "win_rate": 0.4925,
        "implied": 0.5185,
        "edge_pts": -2.6
      },
      "late": {
        "n": 179,
        "win_rate": 0.6201,
        "implied": 0.5852,
        "edge_pts": 3.49
      }
    },
    "agreement": {
      "clean": {
        "n": 49,
        "win_rate": 0.5714,
        "implied": 0.6741,
        "edge_pts": -10.27
      },
      "conflicted": {
        "n": 211,
        "win_rate": 0.5972,
        "implied": 0.5521,
        "edge_pts": 4.51
      }
    },
    "movement": {
      "new_or_rising": {
        "n": 212,
        "win_rate": 0.5849,
        "implied": 0.567,
        "edge_pts": 1.79
      },
      "standing": {
        "n": 12,
        "win_rate": 0.5833,
        "implied": 0.5277,
        "edge_pts": 5.56
      }
    }
  },
  "n_calls": 498,
  "n_unique_markets": 315
}