{
  "generated_at_utc": "2026-07-16T16:56:43.871811+00:00",
  "pending": 75,
  "edge_detected": false,
  "headline": {
    "n": 450,
    "excluded_certain": 43,
    "win_rate": 0.5577777777777778,
    "wr_lo": 0.5115925531613523,
    "wr_hi": 0.6029848676832772,
    "implied": 0.5519086666666667,
    "edge_pts": 0.5869111111111103,
    "edge_lo_pts": -4.031611350531438,
    "edge_hi_pts": 5.107620101661048,
    "brier": 0.2463601805111111,
    "roi_net": 0.30696112749484744,
    "roi_median": 0.06695652173913039
  },
  "cohorts": {
    "by_signal": {
      "pure_count": {
        "n": 190,
        "win_rate": 0.4947,
        "implied": 0.5044,
        "edge_pts": -0.96
      },
      "capital_weighted": {
        "n": 163,
        "win_rate": 0.6012,
        "implied": 0.5872,
        "edge_pts": 1.4
      },
      "conviction": {
        "n": 97,
        "win_rate": 0.6082,
        "implied": 0.5857,
        "edge_pts": 2.25
      }
    },
    "freshness": {
      "fresh": {
        "n": 119,
        "win_rate": 0.4706,
        "implied": 0.5233,
        "edge_pts": -5.27
      },
      "late": {
        "n": 157,
        "win_rate": 0.6369,
        "implied": 0.5856,
        "edge_pts": 5.13
      }
    },
    "agreement": {
      "clean": {
        "n": 47,
        "win_rate": 0.5532,
        "implied": 0.6613,
        "edge_pts": -10.81
      },
      "conflicted": {
        "n": 177,
        "win_rate": 0.6102,
        "implied": 0.5595,
        "edge_pts": 5.06
      }
    },
    "movement": {
      "new_or_rising": {
        "n": 176,
        "win_rate": 0.5795,
        "implied": 0.5656,
        "edge_pts": 1.4
      },
      "standing": {
        "n": 12,
        "win_rate": 0.75,
        "implied": 0.6325,
        "edge_pts": 11.75
      }
    }
  },
  "n_calls": 450,
  "n_unique_markets": 278
}