{
  "generated_at_utc": "2026-07-12T10:26:58.382137+00:00",
  "pending": 65,
  "edge_detected": false,
  "headline": {
    "n": 356,
    "excluded_certain": 36,
    "win_rate": 0.5674157303370787,
    "wr_lo": 0.5155007999129274,
    "wr_hi": 0.6178912259117689,
    "implied": 0.551961797752809,
    "edge_pts": 1.5453932584269747,
    "edge_lo_pts": -3.646099783988155,
    "edge_hi_pts": 6.592942815895997,
    "brier": 0.24146485808988769,
    "roi_net": 0.2905823309408584,
    "roi_median": 0.07589863688224341
  },
  "cohorts": {
    "by_signal": {
      "pure_count": {
        "n": 137,
        "win_rate": 0.4891,
        "implied": 0.4892,
        "edge_pts": -0.02
      },
      "capital_weighted": {
        "n": 139,
        "win_rate": 0.5971,
        "implied": 0.5858,
        "edge_pts": 1.13
      },
      "conviction": {
        "n": 80,
        "win_rate": 0.65,
        "implied": 0.6005,
        "edge_pts": 4.95
      }
    },
    "freshness": {
      "fresh": {
        "n": 100,
        "win_rate": 0.48,
        "implied": 0.5181,
        "edge_pts": -3.81
      },
      "late": {
        "n": 119,
        "win_rate": 0.6471,
        "implied": 0.5822,
        "edge_pts": 6.48
      }
    },
    "agreement": {
      "clean": {
        "n": 30,
        "win_rate": 0.6333,
        "implied": 0.6922,
        "edge_pts": -5.88
      },
      "conflicted": {
        "n": 137,
        "win_rate": 0.6131,
        "implied": 0.5626,
        "edge_pts": 5.06
      }
    },
    "movement": {
      "new_or_rising": {
        "n": 126,
        "win_rate": 0.6032,
        "implied": 0.5698,
        "edge_pts": 3.34
      },
      "standing": {
        "n": 6,
        "win_rate": 0.6667,
        "implied": 0.5217,
        "edge_pts": 14.5
      }
    }
  },
  "n_calls": 356,
  "n_unique_markets": 220
}