{
  "generated_at_utc": "2026-07-06T19:22:24.159624+00:00",
  "pending": 84,
  "edge_detected": false,
  "headline": {
    "n": 219,
    "excluded_certain": 17,
    "win_rate": 0.5388127853881278,
    "wr_lo": 0.472689382473052,
    "wr_hi": 0.6035979893641633,
    "implied": 0.5621068493150685,
    "edge_pts": -2.3294063926940667,
    "edge_lo_pts": -8.941746684201652,
    "edge_hi_pts": 4.149114004909482,
    "brier": 0.25299325789954336,
    "roi_net": 0.2114824054365195,
    "roi_median": 0.06695652173913039
  },
  "cohorts": {
    "by_signal": {
      "pure_count": {
        "n": 74,
        "win_rate": 0.4459,
        "implied": 0.5017,
        "edge_pts": -5.57
      },
      "capital_weighted": {
        "n": 88,
        "win_rate": 0.5682,
        "implied": 0.5707,
        "edge_pts": -0.26
      },
      "conviction": {
        "n": 57,
        "win_rate": 0.614,
        "implied": 0.6272,
        "edge_pts": -1.32
      }
    },
    "freshness": {
      "fresh": {
        "n": 55,
        "win_rate": 0.5091,
        "implied": 0.5285,
        "edge_pts": -1.94
      },
      "late": {
        "n": 72,
        "win_rate": 0.5972,
        "implied": 0.5875,
        "edge_pts": 0.97
      }
    },
    "agreement": {
      "clean": {
        "n": 9,
        "win_rate": 0.8889,
        "implied": 0.8037,
        "edge_pts": 8.52
      },
      "conflicted": {
        "n": 68,
        "win_rate": 0.6029,
        "implied": 0.5909,
        "edge_pts": 1.2
      }
    },
    "movement": {
      "new_or_rising": {
        "n": 43,
        "win_rate": 0.6047,
        "implied": 0.5663,
        "edge_pts": 3.83
      },
      "standing": {
        "n": 1,
        "win_rate": 0.0,
        "implied": 0.86,
        "edge_pts": -86.0
      }
    }
  },
  "n_calls": 219,
  "n_unique_markets": 128
}