{
  "generated_at_utc": "2026-07-24T00:13:49.933560+00:00",
  "pending": 73,
  "edge_detected": false,
  "headline": {
    "n": 658,
    "excluded_certain": 58,
    "win_rate": 0.5729483282674772,
    "wr_lo": 0.5348367933058574,
    "wr_hi": 0.61021301921726,
    "implied": 0.552084650455927,
    "edge_pts": 2.0863677811550185,
    "edge_lo_pts": -1.72478571500696,
    "edge_hi_pts": 5.812836876133298,
    "brier": 0.24552128031914894,
    "roi_net": 0.36519341870935007,
    "roi_median": 0.07890109890109887
  },
  "cohorts": {
    "by_signal": {
      "pure_count": {
        "n": 344,
        "win_rate": 0.5233,
        "implied": 0.5186,
        "edge_pts": 0.47
      },
      "capital_weighted": {
        "n": 200,
        "win_rate": 0.625,
        "implied": 0.5925,
        "edge_pts": 3.25
      },
      "conviction": {
        "n": 114,
        "win_rate": 0.6316,
        "implied": 0.5823,
        "edge_pts": 4.93
      }
    },
    "freshness": {
      "fresh": {
        "n": 186,
        "win_rate": 0.4409,
        "implied": 0.5215,
        "edge_pts": -8.06
      },
      "late": {
        "n": 256,
        "win_rate": 0.6602,
        "implied": 0.5744,
        "edge_pts": 8.57
      }
    },
    "agreement": {
      "clean": {
        "n": 75,
        "win_rate": 0.6133,
        "implied": 0.659,
        "edge_pts": -4.57
      },
      "conflicted": {
        "n": 313,
        "win_rate": 0.5815,
        "implied": 0.5421,
        "edge_pts": 3.93
      }
    },
    "movement": {
      "new_or_rising": {
        "n": 339,
        "win_rate": 0.5782,
        "implied": 0.5549,
        "edge_pts": 2.32
      },
      "standing": {
        "n": 13,
        "win_rate": 0.6923,
        "implied": 0.5523,
        "edge_pts": 14.0
      }
    }
  },
  "n_calls": 658,
  "n_unique_markets": 446
}