{
  "generated_at_utc": "2026-07-20T00:16:03.692207+00:00",
  "pending": 73,
  "edge_detected": false,
  "headline": {
    "n": 524,
    "excluded_certain": 51,
    "win_rate": 0.5725190839694656,
    "wr_lo": 0.5297836056954699,
    "wr_hi": 0.6141989830205388,
    "implied": 0.5565723282442748,
    "edge_pts": 1.5946755725190775,
    "edge_lo_pts": -2.6788722548804933,
    "edge_hi_pts": 5.762665477626394,
    "brier": 0.24409782009541983,
    "roi_net": 0.32574695002110343,
    "roi_median": 0.07589863688224341
  },
  "cohorts": {
    "by_signal": {
      "pure_count": {
        "n": 238,
        "win_rate": 0.5126,
        "implied": 0.5152,
        "edge_pts": -0.26
      },
      "capital_weighted": {
        "n": 180,
        "win_rate": 0.6222,
        "implied": 0.5958,
        "edge_pts": 2.64
      },
      "conviction": {
        "n": 106,
        "win_rate": 0.6226,
        "implied": 0.583,
        "edge_pts": 3.97
      }
    },
    "freshness": {
      "fresh": {
        "n": 140,
        "win_rate": 0.4857,
        "implied": 0.5324,
        "edge_pts": -4.67
      },
      "late": {
        "n": 190,
        "win_rate": 0.6421,
        "implied": 0.5759,
        "edge_pts": 6.62
      }
    },
    "agreement": {
      "clean": {
        "n": 57,
        "win_rate": 0.5965,
        "implied": 0.674,
        "edge_pts": -7.75
      },
      "conflicted": {
        "n": 220,
        "win_rate": 0.6045,
        "implied": 0.5492,
        "edge_pts": 5.53
      }
    },
    "movement": {
      "new_or_rising": {
        "n": 230,
        "win_rate": 0.5957,
        "implied": 0.5606,
        "edge_pts": 3.51
      },
      "standing": {
        "n": 10,
        "win_rate": 0.7,
        "implied": 0.6451,
        "edge_pts": 5.49
      }
    }
  },
  "n_calls": 524,
  "n_unique_markets": 332
}