{
  "generated_at_utc": "2026-07-03T18:01:08.701251+00:00",
  "pending": 87,
  "edge_detected": false,
  "headline": {
    "n": 137,
    "excluded_certain": 16,
    "win_rate": 0.5401459854014599,
    "wr_lo": 0.4567330035960643,
    "wr_hi": 0.6213689208353538,
    "implied": 0.5586233576642337,
    "edge_pts": -1.8477372262773795,
    "edge_lo_pts": -10.189035406816938,
    "edge_hi_pts": 6.274556317112012,
    "brier": 0.26518465678832115,
    "roi_net": 0.30327664502116697,
    "roi_median": 0.06695652173913039
  },
  "cohorts": {
    "by_signal": {
      "pure_count": {
        "n": 48,
        "win_rate": 0.4583,
        "implied": 0.486,
        "edge_pts": -2.77
      },
      "capital_weighted": {
        "n": 57,
        "win_rate": 0.5789,
        "implied": 0.5764,
        "edge_pts": 0.25
      },
      "conviction": {
        "n": 32,
        "win_rate": 0.5938,
        "implied": 0.6359,
        "edge_pts": -4.21
      }
    },
    "freshness": {
      "fresh": {
        "n": 37,
        "win_rate": 0.4595,
        "implied": 0.4844,
        "edge_pts": -2.5
      },
      "late": {
        "n": 43,
        "win_rate": 0.6047,
        "implied": 0.6206,
        "edge_pts": -1.6
      }
    },
    "agreement": {
      "clean": {
        "n": 5,
        "win_rate": 0.8,
        "implied": 0.761,
        "edge_pts": 3.9
      },
      "conflicted": {
        "n": 27,
        "win_rate": 0.6296,
        "implied": 0.6256,
        "edge_pts": 0.41
      }
    },
    "movement": {
      "new_or_rising": {
        "n": 1,
        "win_rate": 0.0,
        "implied": 0.38,
        "edge_pts": -38.0
      },
      "standing": {
        "n": 0
      }
    }
  },
  "n_calls": 137,
  "n_unique_markets": 81
}