{
  "generated_at_utc": "2026-07-17T20:16:32.394927+00:00",
  "pending": 80,
  "edge_detected": false,
  "headline": {
    "n": 468,
    "excluded_certain": 44,
    "win_rate": 0.5576923076923077,
    "wr_lo": 0.5124057375232209,
    "wr_hi": 0.6020394491665495,
    "implied": 0.5520510683760683,
    "edge_pts": 0.5641239316239388,
    "edge_lo_pts": -3.9645330852847382,
    "edge_hi_pts": 4.998838079048118,
    "brier": 0.24698268425213674,
    "roi_net": 0.30468990096015147,
    "roi_median": 0.06695652173913039
  },
  "cohorts": {
    "by_signal": {
      "pure_count": {
        "n": 206,
        "win_rate": 0.4951,
        "implied": 0.5079,
        "edge_pts": -1.27
      },
      "capital_weighted": {
        "n": 164,
        "win_rate": 0.6037,
        "implied": 0.5858,
        "edge_pts": 1.78
      },
      "conviction": {
        "n": 98,
        "win_rate": 0.6122,
        "implied": 0.5884,
        "edge_pts": 2.38
      }
    },
    "freshness": {
      "fresh": {
        "n": 126,
        "win_rate": 0.4762,
        "implied": 0.5134,
        "edge_pts": -3.72
      },
      "late": {
        "n": 166,
        "win_rate": 0.6265,
        "implied": 0.5855,
        "edge_pts": 4.1
      }
    },
    "agreement": {
      "clean": {
        "n": 42,
        "win_rate": 0.5476,
        "implied": 0.6672,
        "edge_pts": -11.96
      },
      "conflicted": {
        "n": 198,
        "win_rate": 0.601,
        "implied": 0.5559,
        "edge_pts": 4.51
      }
    },
    "movement": {
      "new_or_rising": {
        "n": 189,
        "win_rate": 0.582,
        "implied": 0.5595,
        "edge_pts": 2.25
      },
      "standing": {
        "n": 14,
        "win_rate": 0.6429,
        "implied": 0.6057,
        "edge_pts": 3.71
      }
    }
  },
  "n_calls": 468,
  "n_unique_markets": 294
}