{
  "generated_at_utc": "2026-07-14T20:41:44.287243+00:00",
  "pending": 89,
  "edge_detected": false,
  "headline": {
    "n": 383,
    "excluded_certain": 36,
    "win_rate": 0.5613577023498695,
    "wr_lo": 0.51129481981008,
    "wr_hi": 0.6102019375190182,
    "implied": 0.5569853785900784,
    "edge_pts": 0.437232375979113,
    "edge_lo_pts": -4.569055877999839,
    "edge_hi_pts": 5.321655892893984,
    "brier": 0.24536812135770236,
    "roi_net": 0.2830094235316848,
    "roi_median": 0.06695652173913039
  },
  "cohorts": {
    "by_signal": {
      "pure_count": {
        "n": 158,
        "win_rate": 0.4873,
        "implied": 0.5048,
        "edge_pts": -1.74
      },
      "capital_weighted": {
        "n": 143,
        "win_rate": 0.6014,
        "implied": 0.592,
        "edge_pts": 0.94
      },
      "conviction": {
        "n": 82,
        "win_rate": 0.6341,
        "implied": 0.5965,
        "edge_pts": 3.76
      }
    },
    "freshness": {
      "fresh": {
        "n": 107,
        "win_rate": 0.4673,
        "implied": 0.5182,
        "edge_pts": -5.09
      },
      "late": {
        "n": 134,
        "win_rate": 0.6343,
        "implied": 0.5867,
        "edge_pts": 4.77
      }
    },
    "agreement": {
      "clean": {
        "n": 32,
        "win_rate": 0.5625,
        "implied": 0.6854,
        "edge_pts": -12.29
      },
      "conflicted": {
        "n": 157,
        "win_rate": 0.6051,
        "implied": 0.566,
        "edge_pts": 3.91
      }
    },
    "movement": {
      "new_or_rising": {
        "n": 147,
        "win_rate": 0.585,
        "implied": 0.5695,
        "edge_pts": 1.55
      },
      "standing": {
        "n": 7,
        "win_rate": 0.7143,
        "implied": 0.6021,
        "edge_pts": 11.21
      }
    }
  },
  "n_calls": 383,
  "n_unique_markets": 242
}