{
  "generated_at_utc": "2026-07-15T20:39:41.693551+00:00",
  "pending": 86,
  "edge_detected": false,
  "headline": {
    "n": 413,
    "excluded_certain": 40,
    "win_rate": 0.5617433414043583,
    "wr_lo": 0.5135383744025125,
    "wr_hi": 0.6088102587473457,
    "implied": 0.5556983050847457,
    "edge_pts": 0.6045036319612618,
    "edge_lo_pts": -4.215993068223323,
    "edge_hi_pts": 5.3111953662600015,
    "brier": 0.24022533288135592,
    "roi_net": 0.28406958372431435,
    "roi_median": 0.06695652173913039
  },
  "cohorts": {
    "by_signal": {
      "pure_count": {
        "n": 170,
        "win_rate": 0.4882,
        "implied": 0.5078,
        "edge_pts": -1.96
      },
      "capital_weighted": {
        "n": 152,
        "win_rate": 0.6053,
        "implied": 0.59,
        "edge_pts": 1.52
      },
      "conviction": {
        "n": 91,
        "win_rate": 0.6264,
        "implied": 0.5878,
        "edge_pts": 3.86
      }
    },
    "freshness": {
      "fresh": {
        "n": 112,
        "win_rate": 0.4732,
        "implied": 0.5336,
        "edge_pts": -6.04
      },
      "late": {
        "n": 143,
        "win_rate": 0.6364,
        "implied": 0.5876,
        "edge_pts": 4.88
      }
    },
    "agreement": {
      "clean": {
        "n": 34,
        "win_rate": 0.5588,
        "implied": 0.6904,
        "edge_pts": -13.16
      },
      "conflicted": {
        "n": 169,
        "win_rate": 0.6095,
        "implied": 0.5693,
        "edge_pts": 4.01
      }
    },
    "movement": {
      "new_or_rising": {
        "n": 157,
        "win_rate": 0.5796,
        "implied": 0.5741,
        "edge_pts": 0.55
      },
      "standing": {
        "n": 11,
        "win_rate": 0.7273,
        "implied": 0.6043,
        "edge_pts": 12.3
      }
    }
  },
  "n_calls": 413,
  "n_unique_markets": 257
}