{
  "generated_at_utc": "2026-07-23T17:58:22.328587+00:00",
  "pending": 76,
  "edge_detected": false,
  "headline": {
    "n": 645,
    "excluded_certain": 58,
    "win_rate": 0.5705426356589147,
    "wr_lo": 0.5320344521624188,
    "wr_hi": 0.6082154948200188,
    "implied": 0.5526072868217055,
    "edge_pts": 1.7935348837209264,
    "edge_lo_pts": -2.057283465928661,
    "edge_hi_pts": 5.560820799831334,
    "brier": 0.24423411232558137,
    "roi_net": 0.330981867768405,
    "roi_median": 0.07890109890109887
  },
  "cohorts": {
    "by_signal": {
      "pure_count": {
        "n": 334,
        "win_rate": 0.521,
        "implied": 0.5203,
        "edge_pts": 0.07
      },
      "capital_weighted": {
        "n": 198,
        "win_rate": 0.6212,
        "implied": 0.5916,
        "edge_pts": 2.96
      },
      "conviction": {
        "n": 113,
        "win_rate": 0.6283,
        "implied": 0.5799,
        "edge_pts": 4.84
      }
    },
    "freshness": {
      "fresh": {
        "n": 183,
        "win_rate": 0.4426,
        "implied": 0.5206,
        "edge_pts": -7.8
      },
      "late": {
        "n": 248,
        "win_rate": 0.6573,
        "implied": 0.5792,
        "edge_pts": 7.8
      }
    },
    "agreement": {
      "clean": {
        "n": 74,
        "win_rate": 0.6216,
        "implied": 0.6671,
        "edge_pts": -4.55
      },
      "conflicted": {
        "n": 303,
        "win_rate": 0.5776,
        "implied": 0.5433,
        "edge_pts": 3.42
      }
    },
    "movement": {
      "new_or_rising": {
        "n": 331,
        "win_rate": 0.5831,
        "implied": 0.5588,
        "edge_pts": 2.43
      },
      "standing": {
        "n": 10,
        "win_rate": 0.5,
        "implied": 0.6018,
        "edge_pts": -10.18
      }
    }
  },
  "n_calls": 645,
  "n_unique_markets": 435
}