{
  "generated_at_utc": "2026-07-13T23:39:10.072919+00:00",
  "pending": 71,
  "edge_detected": false,
  "headline": {
    "n": 380,
    "excluded_certain": 36,
    "win_rate": 0.5631578947368421,
    "wr_lo": 0.5129016945070297,
    "wr_hi": 0.6121498892712789,
    "implied": 0.5567036842105263,
    "edge_pts": 0.6454210526315785,
    "edge_lo_pts": -4.380198970349658,
    "edge_hi_pts": 5.54462050607526,
    "brier": 0.24578943810526316,
    "roi_net": 0.28983373615513436,
    "roi_median": 0.06695652173913039
  },
  "cohorts": {
    "by_signal": {
      "pure_count": {
        "n": 155,
        "win_rate": 0.4903,
        "implied": 0.5031,
        "edge_pts": -1.27
      },
      "capital_weighted": {
        "n": 143,
        "win_rate": 0.6014,
        "implied": 0.592,
        "edge_pts": 0.94
      },
      "conviction": {
        "n": 82,
        "win_rate": 0.6341,
        "implied": 0.5965,
        "edge_pts": 3.76
      }
    },
    "freshness": {
      "fresh": {
        "n": 106,
        "win_rate": 0.4717,
        "implied": 0.5272,
        "edge_pts": -5.55
      },
      "late": {
        "n": 132,
        "win_rate": 0.6364,
        "implied": 0.5828,
        "edge_pts": 5.36
      }
    },
    "agreement": {
      "clean": {
        "n": 31,
        "win_rate": 0.5484,
        "implied": 0.6904,
        "edge_pts": -14.2
      },
      "conflicted": {
        "n": 155,
        "win_rate": 0.6129,
        "implied": 0.5652,
        "edge_pts": 4.77
      }
    },
    "movement": {
      "new_or_rising": {
        "n": 143,
        "win_rate": 0.5874,
        "implied": 0.5655,
        "edge_pts": 2.19
      },
      "standing": {
        "n": 8,
        "win_rate": 0.625,
        "implied": 0.6522,
        "edge_pts": -2.72
      }
    }
  },
  "n_calls": 380,
  "n_unique_markets": 239
}