{
  "generated_at_utc": "2026-07-14T10:59:24.586661+00:00",
  "pending": 76,
  "edge_detected": false,
  "headline": {
    "n": 380,
    "excluded_certain": 36,
    "win_rate": 0.5631578947368421,
    "wr_lo": 0.5129016945070297,
    "wr_hi": 0.6121498892712789,
    "implied": 0.5567036842105263,
    "edge_pts": 0.6454210526315785,
    "edge_lo_pts": -4.380198970349658,
    "edge_hi_pts": 5.54462050607526,
    "brier": 0.24578943810526316,
    "roi_net": 0.28983373615513436,
    "roi_median": 0.06695652173913039
  },
  "cohorts": {
    "by_signal": {
      "pure_count": {
        "n": 155,
        "win_rate": 0.4903,
        "implied": 0.5031,
        "edge_pts": -1.27
      },
      "capital_weighted": {
        "n": 143,
        "win_rate": 0.6014,
        "implied": 0.592,
        "edge_pts": 0.94
      },
      "conviction": {
        "n": 82,
        "win_rate": 0.6341,
        "implied": 0.5965,
        "edge_pts": 3.76
      }
    },
    "freshness": {
      "fresh": {
        "n": 106,
        "win_rate": 0.4528,
        "implied": 0.5216,
        "edge_pts": -6.87
      },
      "late": {
        "n": 132,
        "win_rate": 0.6515,
        "implied": 0.5832,
        "edge_pts": 6.84
      }
    },
    "agreement": {
      "clean": {
        "n": 33,
        "win_rate": 0.5758,
        "implied": 0.6852,
        "edge_pts": -10.95
      },
      "conflicted": {
        "n": 153,
        "win_rate": 0.6078,
        "implied": 0.5646,
        "edge_pts": 4.32
      }
    },
    "movement": {
      "new_or_rising": {
        "n": 147,
        "win_rate": 0.5918,
        "implied": 0.5716,
        "edge_pts": 2.03
      },
      "standing": {
        "n": 4,
        "win_rate": 0.5,
        "implied": 0.5169,
        "edge_pts": -1.69
      }
    }
  },
  "n_calls": 380,
  "n_unique_markets": 239
}