{
  "generated_at_utc": "2026-07-21T17:55:52.427145+00:00",
  "pending": 72,
  "edge_detected": false,
  "headline": {
    "n": 578,
    "excluded_certain": 55,
    "win_rate": 0.5761245674740484,
    "wr_lo": 0.5354646079973854,
    "wr_hi": 0.6157793044351391,
    "implied": 0.5474406574394464,
    "edge_pts": 2.8683910034602023,
    "edge_lo_pts": -1.1976049442060988,
    "edge_hi_pts": 6.83386469956927,
    "brier": 0.24689558382352944,
    "roi_net": 0.38273745376475005,
    "roi_median": 0.07890109890109887
  },
  "cohorts": {
    "by_signal": {
      "pure_count": {
        "n": 279,
        "win_rate": 0.5233,
        "implied": 0.5093,
        "edge_pts": 1.4
      },
      "capital_weighted": {
        "n": 188,
        "win_rate": 0.6223,
        "implied": 0.5875,
        "edge_pts": 3.48
      },
      "conviction": {
        "n": 111,
        "win_rate": 0.6306,
        "implied": 0.5754,
        "edge_pts": 5.53
      }
    },
    "freshness": {
      "fresh": {
        "n": 155,
        "win_rate": 0.4645,
        "implied": 0.514,
        "edge_pts": -4.95
      },
      "late": {
        "n": 216,
        "win_rate": 0.6574,
        "implied": 0.5763,
        "edge_pts": 8.11
      }
    },
    "agreement": {
      "clean": {
        "n": 68,
        "win_rate": 0.6176,
        "implied": 0.6747,
        "edge_pts": -5.71
      },
      "conflicted": {
        "n": 249,
        "win_rate": 0.5984,
        "implied": 0.5355,
        "edge_pts": 6.29
      }
    },
    "movement": {
      "new_or_rising": {
        "n": 266,
        "win_rate": 0.5902,
        "implied": 0.5567,
        "edge_pts": 3.35
      },
      "standing": {
        "n": 15,
        "win_rate": 0.7333,
        "implied": 0.5414,
        "edge_pts": 19.2
      }
    }
  },
  "n_calls": 578,
  "n_unique_markets": 375
}