{
  "generated_at_utc": "2026-07-19T20:12:24.132655+00:00",
  "pending": 91,
  "edge_detected": false,
  "headline": {
    "n": 500,
    "excluded_certain": 46,
    "win_rate": 0.558,
    "wr_lo": 0.5141907226350576,
    "wr_hi": 0.6009248216153577,
    "implied": 0.5534678000000001,
    "edge_pts": 0.4532199999999986,
    "edge_lo_pts": -3.927707736494246,
    "edge_hi_pts": 4.745702161535759,
    "brier": 0.24840547646000002,
    "roi_net": 0.3122201444281954,
    "roi_median": 0.06695652173913039
  },
  "cohorts": {
    "by_signal": {
      "pure_count": {
        "n": 226,
        "win_rate": 0.5,
        "implied": 0.5127,
        "edge_pts": -1.27
      },
      "capital_weighted": {
        "n": 172,
        "win_rate": 0.6047,
        "implied": 0.5947,
        "edge_pts": 1.0
      },
      "conviction": {
        "n": 102,
        "win_rate": 0.6078,
        "implied": 0.5743,
        "edge_pts": 3.36
      }
    },
    "freshness": {
      "fresh": {
        "n": 134,
        "win_rate": 0.4925,
        "implied": 0.5185,
        "edge_pts": -2.6
      },
      "late": {
        "n": 181,
        "win_rate": 0.6188,
        "implied": 0.5836,
        "edge_pts": 3.52
      }
    },
    "agreement": {
      "clean": {
        "n": 48,
        "win_rate": 0.5833,
        "implied": 0.687,
        "edge_pts": -10.36
      },
      "conflicted": {
        "n": 214,
        "win_rate": 0.5935,
        "implied": 0.5483,
        "edge_pts": 4.52
      }
    },
    "movement": {
      "new_or_rising": {
        "n": 213,
        "win_rate": 0.5869,
        "implied": 0.5656,
        "edge_pts": 2.12
      },
      "standing": {
        "n": 13,
        "win_rate": 0.5385,
        "implied": 0.5256,
        "edge_pts": 1.29
      }
    }
  },
  "n_calls": 500,
  "n_unique_markets": 317
}