{
  "generated_at_utc": "2026-07-05T16:38:50.488262+00:00",
  "pending": 76,
  "edge_detected": false,
  "headline": {
    "n": 187,
    "excluded_certain": 17,
    "win_rate": 0.5614973262032086,
    "wr_lo": 0.4898474038691104,
    "wr_hi": 0.630671392871223,
    "implied": 0.5727828877005349,
    "edge_pts": -1.128556149732629,
    "edge_lo_pts": -8.293548383142447,
    "edge_hi_pts": 5.788850517068811,
    "brier": 0.25999109614973265,
    "roi_net": 0.3008821438939692,
    "roi_median": 0.06695652173913039
  },
  "cohorts": {
    "by_signal": {
      "pure_count": {
        "n": 62,
        "win_rate": 0.4677,
        "implied": 0.509,
        "edge_pts": -4.12
      },
      "capital_weighted": {
        "n": 75,
        "win_rate": 0.6,
        "implied": 0.5806,
        "edge_pts": 1.94
      },
      "conviction": {
        "n": 50,
        "win_rate": 0.62,
        "implied": 0.6402,
        "edge_pts": -2.02
      }
    },
    "freshness": {
      "fresh": {
        "n": 48,
        "win_rate": 0.5208,
        "implied": 0.5286,
        "edge_pts": -0.77
      },
      "late": {
        "n": 61,
        "win_rate": 0.6066,
        "implied": 0.6016,
        "edge_pts": 0.49
      }
    },
    "agreement": {
      "clean": {
        "n": 9,
        "win_rate": 0.8889,
        "implied": 0.8103,
        "edge_pts": 7.86
      },
      "conflicted": {
        "n": 52,
        "win_rate": 0.6154,
        "implied": 0.5927,
        "edge_pts": 2.26
      }
    },
    "movement": {
      "new_or_rising": {
        "n": 26,
        "win_rate": 0.6538,
        "implied": 0.5613,
        "edge_pts": 9.26
      },
      "standing": {
        "n": 2,
        "win_rate": 0.0,
        "implied": 0.665,
        "edge_pts": -66.5
      }
    }
  },
  "n_calls": 187,
  "n_unique_markets": 110
}