{
  "generated_at_utc": "2026-07-15T17:00:13.568603+00:00",
  "pending": 79,
  "edge_detected": false,
  "headline": {
    "n": 411,
    "excluded_certain": 40,
    "win_rate": 0.5620437956204379,
    "wr_lo": 0.5137221685099603,
    "wr_hi": 0.6092163217475258,
    "implied": 0.5555800486618004,
    "edge_pts": 0.6463746958637495,
    "edge_lo_pts": -4.185788015184011,
    "edge_hi_pts": 5.363627308572538,
    "brier": 0.24089552914841847,
    "roi_net": 0.28725556394024465,
    "roi_median": 0.06695652173913039
  },
  "cohorts": {
    "by_signal": {
      "pure_count": {
        "n": 168,
        "win_rate": 0.4881,
        "implied": 0.507,
        "edge_pts": -1.89
      },
      "capital_weighted": {
        "n": 152,
        "win_rate": 0.6053,
        "implied": 0.59,
        "edge_pts": 1.52
      },
      "conviction": {
        "n": 91,
        "win_rate": 0.6264,
        "implied": 0.5878,
        "edge_pts": 3.86
      }
    },
    "freshness": {
      "fresh": {
        "n": 116,
        "win_rate": 0.4741,
        "implied": 0.5244,
        "edge_pts": -5.02
      },
      "late": {
        "n": 137,
        "win_rate": 0.6423,
        "implied": 0.5828,
        "edge_pts": 5.96
      }
    },
    "agreement": {
      "clean": {
        "n": 35,
        "win_rate": 0.5714,
        "implied": 0.6932,
        "edge_pts": -12.18
      },
      "conflicted": {
        "n": 166,
        "win_rate": 0.6084,
        "implied": 0.5612,
        "edge_pts": 4.72
      }
    },
    "movement": {
      "new_or_rising": {
        "n": 155,
        "win_rate": 0.5871,
        "implied": 0.5699,
        "edge_pts": 1.72
      },
      "standing": {
        "n": 11,
        "win_rate": 0.6364,
        "implied": 0.5614,
        "edge_pts": 7.5
      }
    }
  },
  "n_calls": 411,
  "n_unique_markets": 255
}