{
  "generated_at_utc": "2026-07-24T11:21:46.556360+00:00",
  "pending": 74,
  "edge_detected": false,
  "headline": {
    "n": 669,
    "excluded_certain": 58,
    "win_rate": 0.5724962630792227,
    "wr_lo": 0.5346986204647883,
    "wr_hi": 0.6094660685199593,
    "implied": 0.5493149476831091,
    "edge_pts": 2.3181315396113678,
    "edge_lo_pts": -1.4616327218320735,
    "edge_hi_pts": 6.015112083685025,
    "brier": 0.24645949544095663,
    "roi_net": 0.38164366438980346,
    "roi_median": 0.07890109890109887
  },
  "cohorts": {
    "by_signal": {
      "pure_count": {
        "n": 354,
        "win_rate": 0.5254,
        "implied": 0.5151,
        "edge_pts": 1.03
      },
      "capital_weighted": {
        "n": 200,
        "win_rate": 0.625,
        "implied": 0.5925,
        "edge_pts": 3.25
      },
      "conviction": {
        "n": 115,
        "win_rate": 0.6261,
        "implied": 0.5795,
        "edge_pts": 4.65
      }
    },
    "freshness": {
      "fresh": {
        "n": 187,
        "win_rate": 0.4385,
        "implied": 0.5157,
        "edge_pts": -7.72
      },
      "late": {
        "n": 265,
        "win_rate": 0.6604,
        "implied": 0.5689,
        "edge_pts": 9.15
      }
    },
    "agreement": {
      "clean": {
        "n": 76,
        "win_rate": 0.6053,
        "implied": 0.6551,
        "edge_pts": -4.98
      },
      "conflicted": {
        "n": 323,
        "win_rate": 0.582,
        "implied": 0.534,
        "edge_pts": 4.8
      }
    },
    "movement": {
      "new_or_rising": {
        "n": 346,
        "win_rate": 0.578,
        "implied": 0.5459,
        "edge_pts": 3.21
      },
      "standing": {
        "n": 17,
        "win_rate": 0.6471,
        "implied": 0.5623,
        "edge_pts": 8.47
      }
    }
  },
  "n_calls": 669,
  "n_unique_markets": 456
}