{
  "generated_at_utc": "2026-07-12T16:15:56.117576+00:00",
  "pending": 64,
  "edge_detected": false,
  "headline": {
    "n": 362,
    "excluded_certain": 36,
    "win_rate": 0.56353591160221,
    "wr_lo": 0.5120431985094714,
    "wr_hi": 0.613694279131125,
    "implied": 0.5526198895027624,
    "edge_pts": 1.091602209944753,
    "edge_lo_pts": -4.057669099329098,
    "edge_hi_pts": 6.1074389628362535,
    "brier": 0.24165853447513816,
    "roi_net": 0.27723097471063146,
    "roi_median": 0.06992634830125916
  },
  "cohorts": {
    "by_signal": {
      "pure_count": {
        "n": 141,
        "win_rate": 0.4823,
        "implied": 0.4912,
        "edge_pts": -0.89
      },
      "capital_weighted": {
        "n": 140,
        "win_rate": 0.6,
        "implied": 0.5864,
        "edge_pts": 1.36
      },
      "conviction": {
        "n": 81,
        "win_rate": 0.642,
        "implied": 0.6013,
        "edge_pts": 4.07
      }
    },
    "freshness": {
      "fresh": {
        "n": 98,
        "win_rate": 0.4796,
        "implied": 0.5235,
        "edge_pts": -4.39
      },
      "late": {
        "n": 125,
        "win_rate": 0.632,
        "implied": 0.5829,
        "edge_pts": 4.91
      }
    },
    "agreement": {
      "clean": {
        "n": 31,
        "win_rate": 0.6129,
        "implied": 0.695,
        "edge_pts": -8.21
      },
      "conflicted": {
        "n": 140,
        "win_rate": 0.6071,
        "implied": 0.5608,
        "edge_pts": 4.64
      }
    },
    "movement": {
      "new_or_rising": {
        "n": 129,
        "win_rate": 0.5891,
        "implied": 0.5637,
        "edge_pts": 2.54
      },
      "standing": {
        "n": 6,
        "win_rate": 0.8333,
        "implied": 0.5929,
        "edge_pts": 24.04
      }
    }
  },
  "n_calls": 362,
  "n_unique_markets": 224
}