{
  "generated_at_utc": "2026-07-23T00:16:19.164759+00:00",
  "pending": 70,
  "edge_detected": false,
  "headline": {
    "n": 627,
    "excluded_certain": 58,
    "win_rate": 0.5741626794258373,
    "wr_lo": 0.5351219246211033,
    "wr_hi": 0.6123001857787181,
    "implied": 0.551300956937799,
    "edge_pts": 2.2861722488038305,
    "edge_lo_pts": -1.6179032316695707,
    "edge_hi_pts": 6.099922884091913,
    "brier": 0.24472252703349281,
    "roi_net": 0.3495616723479191,
    "roi_median": 0.07890109890109887
  },
  "cohorts": {
    "by_signal": {
      "pure_count": {
        "n": 317,
        "win_rate": 0.5268,
        "implied": 0.5166,
        "edge_pts": 1.02
      },
      "capital_weighted": {
        "n": 197,
        "win_rate": 0.6193,
        "implied": 0.5907,
        "edge_pts": 2.86
      },
      "conviction": {
        "n": 113,
        "win_rate": 0.6283,
        "implied": 0.5799,
        "edge_pts": 4.84
      }
    },
    "freshness": {
      "fresh": {
        "n": 175,
        "win_rate": 0.4514,
        "implied": 0.5167,
        "edge_pts": -6.52
      },
      "late": {
        "n": 239,
        "win_rate": 0.6611,
        "implied": 0.5786,
        "edge_pts": 8.25
      }
    },
    "agreement": {
      "clean": {
        "n": 73,
        "win_rate": 0.6164,
        "implied": 0.6598,
        "edge_pts": -4.33
      },
      "conflicted": {
        "n": 287,
        "win_rate": 0.5889,
        "implied": 0.5422,
        "edge_pts": 4.67
      }
    },
    "movement": {
      "new_or_rising": {
        "n": 309,
        "win_rate": 0.5858,
        "implied": 0.5576,
        "edge_pts": 2.82
      },
      "standing": {
        "n": 15,
        "win_rate": 0.6667,
        "implied": 0.5652,
        "edge_pts": 10.15
      }
    }
  },
  "n_calls": 627,
  "n_unique_markets": 418
}