{
  "generated_at_utc": "2026-07-18T20:08:47.311693+00:00",
  "pending": 88,
  "edge_detected": false,
  "headline": {
    "n": 479,
    "excluded_certain": 46,
    "win_rate": 0.5615866388308977,
    "wr_lo": 0.5168346835004292,
    "wr_hi": 0.6053585989342243,
    "implied": 0.5533004175365344,
    "edge_pts": 0.8286221294363294,
    "edge_lo_pts": -3.64657340361052,
    "edge_hi_pts": 5.205818139768992,
    "brier": 0.24643834912317328,
    "roi_net": 0.30271088611479824,
    "roi_median": 0.06695652173913039
  },
  "cohorts": {
    "by_signal": {
      "pure_count": {
        "n": 216,
        "win_rate": 0.5046,
        "implied": 0.5119,
        "edge_pts": -0.73
      },
      "capital_weighted": {
        "n": 165,
        "win_rate": 0.6061,
        "implied": 0.5866,
        "edge_pts": 1.95
      },
      "conviction": {
        "n": 98,
        "win_rate": 0.6122,
        "implied": 0.5884,
        "edge_pts": 2.38
      }
    },
    "freshness": {
      "fresh": {
        "n": 133,
        "win_rate": 0.4812,
        "implied": 0.5233,
        "edge_pts": -4.21
      },
      "late": {
        "n": 169,
        "win_rate": 0.6331,
        "implied": 0.5818,
        "edge_pts": 5.13
      }
    },
    "agreement": {
      "clean": {
        "n": 45,
        "win_rate": 0.5556,
        "implied": 0.6674,
        "edge_pts": -11.19
      },
      "conflicted": {
        "n": 204,
        "win_rate": 0.6029,
        "implied": 0.5545,
        "edge_pts": 4.85
      }
    },
    "movement": {
      "new_or_rising": {
        "n": 201,
        "win_rate": 0.5821,
        "implied": 0.5632,
        "edge_pts": 1.88
      },
      "standing": {
        "n": 12,
        "win_rate": 0.6667,
        "implied": 0.5781,
        "edge_pts": 8.85
      }
    }
  },
  "n_calls": 479,
  "n_unique_markets": 304
}