{
  "generated_at_utc": "2026-07-04T16:35:55.433037+00:00",
  "pending": 82,
  "edge_detected": false,
  "headline": {
    "n": 159,
    "excluded_certain": 16,
    "win_rate": 0.5345911949685535,
    "wr_lo": 0.457157962499145,
    "wr_hi": 0.6103923440564282,
    "implied": 0.5704867924528302,
    "edge_pts": -3.589559748427673,
    "edge_lo_pts": -11.332882995368522,
    "edge_hi_pts": 3.990555160359799,
    "brier": 0.26944922,
    "roi_net": 0.24175214606515025,
    "roi_median": 0.0640108401084011
  },
  "cohorts": {
    "by_signal": {
      "pure_count": {
        "n": 55,
        "win_rate": 0.4545,
        "implied": 0.5081,
        "edge_pts": -5.36
      },
      "capital_weighted": {
        "n": 63,
        "win_rate": 0.5714,
        "implied": 0.5785,
        "edge_pts": -0.71
      },
      "conviction": {
        "n": 41,
        "win_rate": 0.5854,
        "implied": 0.6418,
        "edge_pts": -5.65
      }
    },
    "freshness": {
      "fresh": {
        "n": 40,
        "win_rate": 0.45,
        "implied": 0.49,
        "edge_pts": -4.0
      },
      "late": {
        "n": 51,
        "win_rate": 0.6078,
        "implied": 0.6226,
        "edge_pts": -1.47
      }
    },
    "agreement": {
      "clean": {
        "n": 5,
        "win_rate": 0.8,
        "implied": 0.8566,
        "edge_pts": -5.66
      },
      "conflicted": {
        "n": 38,
        "win_rate": 0.6053,
        "implied": 0.6082,
        "edge_pts": -0.29
      }
    },
    "movement": {
      "new_or_rising": {
        "n": 9,
        "win_rate": 0.4444,
        "implied": 0.4822,
        "edge_pts": -3.78
      },
      "standing": {
        "n": 0
      }
    }
  },
  "n_calls": 159,
  "n_unique_markets": 92
}