{
  "generated_at_utc": "2026-07-11T23:39:10.364284+00:00",
  "pending": 92,
  "edge_detected": false,
  "headline": {
    "n": 322,
    "excluded_certain": 31,
    "win_rate": 0.546583850931677,
    "wr_lo": 0.49197761622283226,
    "wr_hi": 0.6000916591551427,
    "implied": 0.5443288819875777,
    "edge_pts": 0.2254968944099378,
    "edge_lo_pts": -5.235126576474541,
    "edge_hi_pts": 5.576277716756506,
    "brier": 0.24523473363354034,
    "roi_net": 0.2871425442198864,
    "roi_median": 0.06695652173913039
  },
  "cohorts": {
    "by_signal": {
      "pure_count": {
        "n": 125,
        "win_rate": 0.48,
        "implied": 0.4872,
        "edge_pts": -0.72
      },
      "capital_weighted": {
        "n": 126,
        "win_rate": 0.5714,
        "implied": 0.5713,
        "edge_pts": 0.01
      },
      "conviction": {
        "n": 71,
        "win_rate": 0.6197,
        "implied": 0.597,
        "edge_pts": 2.27
      }
    },
    "freshness": {
      "fresh": {
        "n": 91,
        "win_rate": 0.4615,
        "implied": 0.5063,
        "edge_pts": -4.48
      },
      "late": {
        "n": 107,
        "win_rate": 0.6355,
        "implied": 0.5784,
        "edge_pts": 5.71
      }
    },
    "agreement": {
      "clean": {
        "n": 24,
        "win_rate": 0.5417,
        "implied": 0.6669,
        "edge_pts": -12.53
      },
      "conflicted": {
        "n": 123,
        "win_rate": 0.6098,
        "implied": 0.5589,
        "edge_pts": 5.08
      }
    },
    "movement": {
      "new_or_rising": {
        "n": 105,
        "win_rate": 0.581,
        "implied": 0.5461,
        "edge_pts": 3.48
      },
      "standing": {
        "n": 9,
        "win_rate": 0.5556,
        "implied": 0.6071,
        "edge_pts": -5.16
      }
    }
  },
  "n_calls": 322,
  "n_unique_markets": 199
}