{
  "generated_at_utc": "2026-07-10T18:13:16.384141+00:00",
  "pending": 79,
  "edge_detected": false,
  "headline": {
    "n": 298,
    "excluded_certain": 29,
    "win_rate": 0.540268456375839,
    "wr_lo": 0.4835293901685126,
    "wr_hi": 0.5959825127633563,
    "implied": 0.5456506711409397,
    "edge_pts": -0.5382214765100701,
    "edge_lo_pts": -6.212128097242708,
    "edge_hi_pts": 5.033184162241666,
    "brier": 0.24663547560402685,
    "roi_net": 0.291209379519708,
    "roi_median": 0.06695652173913039
  },
  "cohorts": {
    "by_signal": {
      "pure_count": {
        "n": 114,
        "win_rate": 0.4649,
        "implied": 0.4911,
        "edge_pts": -2.62
      },
      "capital_weighted": {
        "n": 118,
        "win_rate": 0.5678,
        "implied": 0.567,
        "edge_pts": 0.08
      },
      "conviction": {
        "n": 66,
        "win_rate": 0.6212,
        "implied": 0.6017,
        "edge_pts": 1.95
      }
    },
    "freshness": {
      "fresh": {
        "n": 81,
        "win_rate": 0.4568,
        "implied": 0.5118,
        "edge_pts": -5.5
      },
      "late": {
        "n": 101,
        "win_rate": 0.6337,
        "implied": 0.5761,
        "edge_pts": 5.75
      }
    },
    "agreement": {
      "clean": {
        "n": 18,
        "win_rate": 0.7222,
        "implied": 0.7599,
        "edge_pts": -3.77
      },
      "conflicted": {
        "n": 112,
        "win_rate": 0.5893,
        "implied": 0.5606,
        "edge_pts": 2.86
      }
    },
    "movement": {
      "new_or_rising": {
        "n": 92,
        "win_rate": 0.5978,
        "implied": 0.5574,
        "edge_pts": 4.05
      },
      "standing": {
        "n": 2,
        "win_rate": 0.5,
        "implied": 0.71,
        "edge_pts": -21.0
      }
    }
  },
  "n_calls": 298,
  "n_unique_markets": 183
}