{
  "generated_at_utc": "2026-07-10T08:52:43.733504+00:00",
  "pending": 68,
  "edge_detected": false,
  "headline": {
    "n": 297,
    "excluded_certain": 29,
    "win_rate": 0.5420875420875421,
    "wr_lo": 0.4852469336972101,
    "wr_hi": 0.5978532758482781,
    "implied": 0.5454003367003367,
    "edge_pts": -0.3312794612794656,
    "edge_lo_pts": -6.01534030031266,
    "edge_hi_pts": 5.245293914794136,
    "brier": 0.24617162198653197,
    "roi_net": 0.2956242259153973,
    "roi_median": 0.06695652173913039
  },
  "cohorts": {
    "by_signal": {
      "pure_count": {
        "n": 113,
        "win_rate": 0.469,
        "implied": 0.4899,
        "edge_pts": -2.09
      },
      "capital_weighted": {
        "n": 118,
        "win_rate": 0.5678,
        "implied": 0.567,
        "edge_pts": 0.08
      },
      "conviction": {
        "n": 66,
        "win_rate": 0.6212,
        "implied": 0.6017,
        "edge_pts": 1.95
      }
    },
    "freshness": {
      "fresh": {
        "n": 81,
        "win_rate": 0.4691,
        "implied": 0.5102,
        "edge_pts": -4.1
      },
      "late": {
        "n": 100,
        "win_rate": 0.63,
        "implied": 0.5771,
        "edge_pts": 5.29
      }
    },
    "agreement": {
      "clean": {
        "n": 18,
        "win_rate": 0.7222,
        "implied": 0.7471,
        "edge_pts": -2.49
      },
      "conflicted": {
        "n": 111,
        "win_rate": 0.5946,
        "implied": 0.5622,
        "edge_pts": 3.23
      }
    },
    "movement": {
      "new_or_rising": {
        "n": 90,
        "win_rate": 0.6,
        "implied": 0.5575,
        "edge_pts": 4.25
      },
      "standing": {
        "n": 3,
        "win_rate": 0.6667,
        "implied": 0.6358,
        "edge_pts": 3.08
      }
    }
  },
  "n_calls": 297,
  "n_unique_markets": 182
}