{
  "generated_at_utc": "2026-07-21T11:30:17.513643+00:00",
  "pending": 72,
  "edge_detected": false,
  "headline": {
    "n": 568,
    "excluded_certain": 55,
    "win_rate": 0.573943661971831,
    "wr_lo": 0.5329129594248648,
    "wr_hi": 0.6139808657183218,
    "implied": 0.5501156690140845,
    "edge_pts": 2.3827992957746513,
    "edge_lo_pts": -1.7202709589219656,
    "edge_hi_pts": 6.386519670423729,
    "brier": 0.24538349022887324,
    "roi_net": 0.36243154334919914,
    "roi_median": 0.07890109890109887
  },
  "cohorts": {
    "by_signal": {
      "pure_count": {
        "n": 270,
        "win_rate": 0.5185,
        "implied": 0.5131,
        "edge_pts": 0.54
      },
      "capital_weighted": {
        "n": 187,
        "win_rate": 0.6203,
        "implied": 0.5886,
        "edge_pts": 3.17
      },
      "conviction": {
        "n": 111,
        "win_rate": 0.6306,
        "implied": 0.5754,
        "edge_pts": 5.53
      }
    },
    "freshness": {
      "fresh": {
        "n": 153,
        "win_rate": 0.4902,
        "implied": 0.5215,
        "edge_pts": -3.13
      },
      "late": {
        "n": 208,
        "win_rate": 0.6346,
        "implied": 0.5798,
        "edge_pts": 5.48
      }
    },
    "agreement": {
      "clean": {
        "n": 63,
        "win_rate": 0.619,
        "implied": 0.6731,
        "edge_pts": -5.41
      },
      "conflicted": {
        "n": 245,
        "win_rate": 0.5918,
        "implied": 0.5435,
        "edge_pts": 4.83
      }
    },
    "movement": {
      "new_or_rising": {
        "n": 260,
        "win_rate": 0.5923,
        "implied": 0.5577,
        "edge_pts": 3.46
      },
      "standing": {
        "n": 12,
        "win_rate": 0.5833,
        "implied": 0.6292,
        "edge_pts": -4.59
      }
    }
  },
  "n_calls": 568,
  "n_unique_markets": 365
}