{
  "generated_at_utc": "2026-07-18T15:41:33.848020+00:00",
  "pending": 87,
  "edge_detected": false,
  "headline": {
    "n": 477,
    "excluded_certain": 45,
    "win_rate": 0.5618448637316562,
    "wr_lo": 0.5169996882289001,
    "wr_hi": 0.6057018417551945,
    "implied": 0.5523918238993711,
    "edge_pts": 0.9453039832285071,
    "edge_lo_pts": -3.539213567047106,
    "edge_hi_pts": 5.331001785582334,
    "brier": 0.2463542331865828,
    "roi_net": 0.30573101713182377,
    "roi_median": 0.06695652173913039
  },
  "cohorts": {
    "by_signal": {
      "pure_count": {
        "n": 214,
        "win_rate": 0.5047,
        "implied": 0.5095,
        "edge_pts": -0.49
      },
      "capital_weighted": {
        "n": 165,
        "win_rate": 0.6061,
        "implied": 0.5866,
        "edge_pts": 1.95
      },
      "conviction": {
        "n": 98,
        "win_rate": 0.6122,
        "implied": 0.5884,
        "edge_pts": 2.38
      }
    },
    "freshness": {
      "fresh": {
        "n": 132,
        "win_rate": 0.4773,
        "implied": 0.5203,
        "edge_pts": -4.31
      },
      "late": {
        "n": 168,
        "win_rate": 0.6369,
        "implied": 0.5816,
        "edge_pts": 5.53
      }
    },
    "agreement": {
      "clean": {
        "n": 45,
        "win_rate": 0.5556,
        "implied": 0.6674,
        "edge_pts": -11.19
      },
      "conflicted": {
        "n": 202,
        "win_rate": 0.604,
        "implied": 0.5523,
        "edge_pts": 5.16
      }
    },
    "movement": {
      "new_or_rising": {
        "n": 199,
        "win_rate": 0.5829,
        "implied": 0.5612,
        "edge_pts": 2.17
      },
      "standing": {
        "n": 12,
        "win_rate": 0.6667,
        "implied": 0.5781,
        "edge_pts": 8.85
      }
    }
  },
  "n_calls": 477,
  "n_unique_markets": 302
}