{
  "generated_at_utc": "2026-07-18T23:38:41.069398+00:00",
  "pending": 81,
  "edge_detected": false,
  "headline": {
    "n": 494,
    "excluded_certain": 46,
    "win_rate": 0.5587044534412956,
    "wr_lo": 0.514631050421093,
    "wr_hi": 0.6018718693831179,
    "implied": 0.5574775303643725,
    "edge_pts": 0.12269230769230699,
    "edge_lo_pts": -4.28464799432795,
    "edge_hi_pts": 4.439433901874534,
    "brier": 0.2458367170647773,
    "roi_net": 0.28107985594630425,
    "roi_median": 0.06695652173913039
  },
  "cohorts": {
    "by_signal": {
      "pure_count": {
        "n": 223,
        "win_rate": 0.5022,
        "implied": 0.5153,
        "edge_pts": -1.31
      },
      "capital_weighted": {
        "n": 172,
        "win_rate": 0.6047,
        "implied": 0.5947,
        "edge_pts": 1.0
      },
      "conviction": {
        "n": 99,
        "win_rate": 0.6061,
        "implied": 0.5878,
        "edge_pts": 1.83
      }
    },
    "freshness": {
      "fresh": {
        "n": 133,
        "win_rate": 0.4962,
        "implied": 0.521,
        "edge_pts": -2.47
      },
      "late": {
        "n": 178,
        "win_rate": 0.618,
        "implied": 0.5886,
        "edge_pts": 2.93
      }
    },
    "agreement": {
      "clean": {
        "n": 48,
        "win_rate": 0.5833,
        "implied": 0.6778,
        "edge_pts": -9.44
      },
      "conflicted": {
        "n": 210,
        "win_rate": 0.5952,
        "implied": 0.5558,
        "edge_pts": 3.94
      }
    },
    "movement": {
      "new_or_rising": {
        "n": 209,
        "win_rate": 0.5885,
        "implied": 0.5714,
        "edge_pts": 1.72
      },
      "standing": {
        "n": 13,
        "win_rate": 0.5385,
        "implied": 0.5271,
        "edge_pts": 1.13
      }
    }
  },
  "n_calls": 494,
  "n_unique_markets": 313
}