{
  "generated_at_utc": "2026-07-07T08:57:11.431143+00:00",
  "pending": 301,
  "edge_detected": false,
  "headline": {
    "n": 25,
    "excluded_certain": 3,
    "win_rate": 0.56,
    "wr_lo": 0.3706701701956443,
    "wr_hi": 0.7333462505299744,
    "implied": 0.5666599999999999,
    "edge_pts": -0.6659999999999888,
    "edge_lo_pts": -19.598982980435565,
    "edge_hi_pts": 16.66862505299744,
    "brier": 0.31075133,
    "roi_net": 0.6878867205247782,
    "roi_median": 0.023841336116910267
  },
  "cohorts": {
    "by_signal": {
      "pure_count": {
        "n": 9,
        "win_rate": 0.5556,
        "implied": 0.4598,
        "edge_pts": 9.58
      },
      "capital_weighted": {
        "n": 10,
        "win_rate": 0.6,
        "implied": 0.5371,
        "edge_pts": 6.29
      },
      "conviction": {
        "n": 6,
        "win_rate": 0.5,
        "implied": 0.7763,
        "edge_pts": -27.63
      }
    },
    "freshness": {
      "fresh": {
        "n": 6,
        "win_rate": 0.5,
        "implied": 0.3858,
        "edge_pts": 11.42
      },
      "late": {
        "n": 10,
        "win_rate": 0.6,
        "implied": 0.5928,
        "edge_pts": 0.71
      }
    },
    "agreement": {
      "clean": {
        "n": 2,
        "win_rate": 1.0,
        "implied": 0.849,
        "edge_pts": 15.1
      },
      "conflicted": {
        "n": 5,
        "win_rate": 0.4,
        "implied": 0.536,
        "edge_pts": -13.6
      }
    },
    "movement": {
      "new_or_rising": {
        "n": 2,
        "win_rate": 0.5,
        "implied": 0.61,
        "edge_pts": -11.0
      },
      "standing": {
        "n": 0
      }
    }
  },
  "n_calls": 25,
  "n_unique_markets": 16
}