{
  "generated_at_utc": "2026-07-16T00:12:01.529565+00:00",
  "pending": 70,
  "edge_detected": false,
  "headline": {
    "n": 436,
    "excluded_certain": 43,
    "win_rate": 0.5596330275229358,
    "wr_lo": 0.5127147169143912,
    "wr_hi": 0.6055096620438519,
    "implied": 0.55851123853211,
    "edge_pts": 0.11217889908257117,
    "edge_lo_pts": -4.579652161771886,
    "edge_hi_pts": 4.699842351174189,
    "brier": 0.24538026084862385,
    "roi_net": 0.2890715326029229,
    "roi_median": 0.06695652173913039
  },
  "cohorts": {
    "by_signal": {
      "pure_count": {
        "n": 180,
        "win_rate": 0.4944,
        "implied": 0.5114,
        "edge_pts": -1.7
      },
      "capital_weighted": {
        "n": 160,
        "win_rate": 0.6,
        "implied": 0.592,
        "edge_pts": 0.8
      },
      "conviction": {
        "n": 96,
        "win_rate": 0.6146,
        "implied": 0.591,
        "edge_pts": 2.36
      }
    },
    "freshness": {
      "fresh": {
        "n": 115,
        "win_rate": 0.4696,
        "implied": 0.529,
        "edge_pts": -5.94
      },
      "late": {
        "n": 151,
        "win_rate": 0.6424,
        "implied": 0.5895,
        "edge_pts": 5.29
      }
    },
    "agreement": {
      "clean": {
        "n": 43,
        "win_rate": 0.5814,
        "implied": 0.6702,
        "edge_pts": -8.88
      },
      "conflicted": {
        "n": 171,
        "win_rate": 0.6082,
        "implied": 0.5674,
        "edge_pts": 4.08
      }
    },
    "movement": {
      "new_or_rising": {
        "n": 171,
        "win_rate": 0.5906,
        "implied": 0.5691,
        "edge_pts": 2.16
      },
      "standing": {
        "n": 8,
        "win_rate": 0.625,
        "implied": 0.7019,
        "edge_pts": -7.69
      }
    }
  },
  "n_calls": 436,
  "n_unique_markets": 268
}