{
  "generated_at_utc": "2026-07-14T16:55:51.711210+00:00",
  "pending": 81,
  "edge_detected": false,
  "headline": {
    "n": 382,
    "excluded_certain": 36,
    "win_rate": 0.5602094240837696,
    "wr_lo": 0.5100784493203401,
    "wr_hi": 0.6091414585382215,
    "implied": 0.5564539267015707,
    "edge_pts": 0.37554973821989357,
    "edge_lo_pts": -4.63754773812306,
    "edge_hi_pts": 5.268753183665087,
    "brier": 0.24585966094240838,
    "roi_net": 0.28297596790301327,
    "roi_median": 0.06695652173913039
  },
  "cohorts": {
    "by_signal": {
      "pure_count": {
        "n": 157,
        "win_rate": 0.4841,
        "implied": 0.5031,
        "edge_pts": -1.91
      },
      "capital_weighted": {
        "n": 143,
        "win_rate": 0.6014,
        "implied": 0.592,
        "edge_pts": 0.94
      },
      "conviction": {
        "n": 82,
        "win_rate": 0.6341,
        "implied": 0.5965,
        "edge_pts": 3.76
      }
    },
    "freshness": {
      "fresh": {
        "n": 109,
        "win_rate": 0.4587,
        "implied": 0.5271,
        "edge_pts": -6.84
      },
      "late": {
        "n": 131,
        "win_rate": 0.6412,
        "implied": 0.581,
        "edge_pts": 6.02
      }
    },
    "agreement": {
      "clean": {
        "n": 31,
        "win_rate": 0.5484,
        "implied": 0.6904,
        "edge_pts": -14.2
      },
      "conflicted": {
        "n": 157,
        "win_rate": 0.6051,
        "implied": 0.5645,
        "edge_pts": 4.06
      }
    },
    "movement": {
      "new_or_rising": {
        "n": 145,
        "win_rate": 0.5793,
        "implied": 0.5648,
        "edge_pts": 1.45
      },
      "standing": {
        "n": 8,
        "win_rate": 0.625,
        "implied": 0.6522,
        "edge_pts": -2.72
      }
    }
  },
  "n_calls": 382,
  "n_unique_markets": 241
}