{
  "generated_at_utc": "2026-07-08T11:32:28.812657+00:00",
  "pending": 72,
  "edge_detected": false,
  "headline": {
    "n": 265,
    "excluded_certain": 26,
    "win_rate": 0.539622641509434,
    "wr_lo": 0.47947247629214934,
    "wr_hi": 0.5986404348049428,
    "implied": 0.5453486792452831,
    "edge_pts": -0.5726037735849121,
    "edge_lo_pts": -6.587620295313373,
    "edge_hi_pts": 5.32917555596597,
    "brier": 0.24973053388679242,
    "roi_net": 0.2899873725524163,
    "roi_median": 0.06695652173913039
  },
  "cohorts": {
    "by_signal": {
      "pure_count": {
        "n": 93,
        "win_rate": 0.4516,
        "implied": 0.4896,
        "edge_pts": -3.8
      },
      "capital_weighted": {
        "n": 107,
        "win_rate": 0.5607,
        "implied": 0.5576,
        "edge_pts": 0.32
      },
      "conviction": {
        "n": 65,
        "win_rate": 0.6308,
        "implied": 0.6049,
        "edge_pts": 2.58
      }
    },
    "freshness": {
      "fresh": {
        "n": 70,
        "win_rate": 0.4857,
        "implied": 0.5086,
        "edge_pts": -2.29
      },
      "late": {
        "n": 85,
        "win_rate": 0.6,
        "implied": 0.5799,
        "edge_pts": 2.01
      }
    },
    "agreement": {
      "clean": {
        "n": 15,
        "win_rate": 0.6667,
        "implied": 0.6924,
        "edge_pts": -2.57
      },
      "conflicted": {
        "n": 90,
        "win_rate": 0.5889,
        "implied": 0.5671,
        "edge_pts": 2.18
      }
    },
    "movement": {
      "new_or_rising": {
        "n": 68,
        "win_rate": 0.5882,
        "implied": 0.5451,
        "edge_pts": 4.31
      },
      "standing": {
        "n": 4,
        "win_rate": 0.25,
        "implied": 0.6035,
        "edge_pts": -35.35
      }
    }
  },
  "n_calls": 265,
  "n_unique_markets": 156
}