{
  "generated_at_utc": "2026-07-11T00:11:57.093621+00:00",
  "pending": 69,
  "edge_detected": false,
  "headline": {
    "n": 316,
    "excluded_certain": 29,
    "win_rate": 0.5474683544303798,
    "wr_lo": 0.4923455078535963,
    "wr_hi": 0.6014509213788739,
    "implied": 0.5480503164556962,
    "edge_pts": -0.05819620253164626,
    "edge_lo_pts": -5.570480860209992,
    "edge_hi_pts": 5.340060492317766,
    "brier": 0.24595153237341774,
    "roi_net": 0.2865944342491943,
    "roi_median": 0.06695652173913039
  },
  "cohorts": {
    "by_signal": {
      "pure_count": {
        "n": 120,
        "win_rate": 0.4833,
        "implied": 0.4966,
        "edge_pts": -1.33
      },
      "capital_weighted": {
        "n": 125,
        "win_rate": 0.568,
        "implied": 0.5696,
        "edge_pts": -0.16
      },
      "conviction": {
        "n": 71,
        "win_rate": 0.6197,
        "implied": 0.597,
        "edge_pts": 2.27
      }
    },
    "freshness": {
      "fresh": {
        "n": 86,
        "win_rate": 0.4767,
        "implied": 0.5228,
        "edge_pts": -4.61
      },
      "late": {
        "n": 106,
        "win_rate": 0.6226,
        "implied": 0.5813,
        "edge_pts": 4.13
      }
    },
    "agreement": {
      "clean": {
        "n": 21,
        "win_rate": 0.619,
        "implied": 0.7448,
        "edge_pts": -12.57
      },
      "conflicted": {
        "n": 119,
        "win_rate": 0.605,
        "implied": 0.5625,
        "edge_pts": 4.25
      }
    },
    "movement": {
      "new_or_rising": {
        "n": 101,
        "win_rate": 0.5941,
        "implied": 0.5649,
        "edge_pts": 2.92
      },
      "standing": {
        "n": 3,
        "win_rate": 0.6667,
        "implied": 0.5858,
        "edge_pts": 8.08
      }
    }
  },
  "n_calls": 316,
  "n_unique_markets": 193
}