{
  "generated_at_utc": "2026-07-12T20:10:25.041715+00:00",
  "pending": 65,
  "edge_detected": false,
  "headline": {
    "n": 368,
    "excluded_certain": 36,
    "win_rate": 0.5652173913043478,
    "wr_lo": 0.514151826387248,
    "wr_hi": 0.614935397850169,
    "implied": 0.5561016304347826,
    "edge_pts": 0.9115760869565226,
    "edge_lo_pts": -4.194980404753457,
    "edge_hi_pts": 5.883376741538648,
    "brier": 0.24210771326086958,
    "roi_net": 0.27131385429080546,
    "roi_median": 0.07589863688224341
  },
  "cohorts": {
    "by_signal": {
      "pure_count": {
        "n": 145,
        "win_rate": 0.4897,
        "implied": 0.4981,
        "edge_pts": -0.85
      },
      "capital_weighted": {
        "n": 142,
        "win_rate": 0.5986,
        "implied": 0.5895,
        "edge_pts": 0.91
      },
      "conviction": {
        "n": 81,
        "win_rate": 0.642,
        "implied": 0.6013,
        "edge_pts": 4.07
      }
    },
    "freshness": {
      "fresh": {
        "n": 100,
        "win_rate": 0.48,
        "implied": 0.5156,
        "edge_pts": -3.56
      },
      "late": {
        "n": 127,
        "win_rate": 0.6378,
        "implied": 0.5888,
        "edge_pts": 4.9
      }
    },
    "agreement": {
      "clean": {
        "n": 32,
        "win_rate": 0.5938,
        "implied": 0.6903,
        "edge_pts": -9.65
      },
      "conflicted": {
        "n": 143,
        "win_rate": 0.6154,
        "implied": 0.5663,
        "edge_pts": 4.91
      }
    },
    "movement": {
      "new_or_rising": {
        "n": 133,
        "win_rate": 0.594,
        "implied": 0.5755,
        "edge_pts": 1.85
      },
      "standing": {
        "n": 7,
        "win_rate": 0.7143,
        "implied": 0.5168,
        "edge_pts": 19.75
      }
    }
  },
  "n_calls": 368,
  "n_unique_markets": 228
}