{
  "generated_at_utc": "2026-07-22T17:49:40.616432+00:00",
  "pending": 73,
  "edge_detected": false,
  "headline": {
    "n": 617,
    "excluded_certain": 56,
    "win_rate": 0.5753646677471637,
    "wr_lo": 0.5360138279665898,
    "wr_hi": 0.6137828351436141,
    "implied": 0.5529427876823338,
    "edge_pts": 2.2421880064829813,
    "edge_lo_pts": -1.692895971574404,
    "edge_hi_pts": 6.084004746128024,
    "brier": 0.24594752747163695,
    "roi_net": 0.3556255685335389,
    "roi_median": 0.07890109890109887
  },
  "cohorts": {
    "by_signal": {
      "pure_count": {
        "n": 308,
        "win_rate": 0.526,
        "implied": 0.5184,
        "edge_pts": 0.76
      },
      "capital_weighted": {
        "n": 196,
        "win_rate": 0.6224,
        "implied": 0.5917,
        "edge_pts": 3.07
      },
      "conviction": {
        "n": 113,
        "win_rate": 0.6283,
        "implied": 0.5799,
        "edge_pts": 4.84
      }
    },
    "freshness": {
      "fresh": {
        "n": 164,
        "win_rate": 0.4634,
        "implied": 0.518,
        "edge_pts": -5.46
      },
      "late": {
        "n": 241,
        "win_rate": 0.6473,
        "implied": 0.5822,
        "edge_pts": 6.51
      }
    },
    "agreement": {
      "clean": {
        "n": 70,
        "win_rate": 0.6429,
        "implied": 0.6679,
        "edge_pts": -2.5
      },
      "conflicted": {
        "n": 281,
        "win_rate": 0.5836,
        "implied": 0.5478,
        "edge_pts": 3.58
      }
    },
    "movement": {
      "new_or_rising": {
        "n": 298,
        "win_rate": 0.5906,
        "implied": 0.5593,
        "edge_pts": 3.13
      },
      "standing": {
        "n": 17,
        "win_rate": 0.5882,
        "implied": 0.6486,
        "edge_pts": -6.03
      }
    }
  },
  "n_calls": 617,
  "n_unique_markets": 409
}