{
  "generated_at_utc": "2026-07-14T23:38:29.326981+00:00",
  "pending": 76,
  "edge_detected": false,
  "headline": {
    "n": 406,
    "excluded_certain": 38,
    "win_rate": 0.5640394088669951,
    "wr_lo": 0.5154259782141182,
    "wr_hi": 0.6114523084214991,
    "implied": 0.5570145320197044,
    "edge_pts": 0.7024876847290695,
    "edge_lo_pts": -4.158855380558624,
    "edge_hi_pts": 5.44377764017947,
    "brier": 0.24281963480295565,
    "roi_net": 0.29619693453650386,
    "roi_median": 0.06695652173913039
  },
  "cohorts": {
    "by_signal": {
      "pure_count": {
        "n": 166,
        "win_rate": 0.488,
        "implied": 0.5074,
        "edge_pts": -1.94
      },
      "capital_weighted": {
        "n": 150,
        "win_rate": 0.6067,
        "implied": 0.5918,
        "edge_pts": 1.49
      },
      "conviction": {
        "n": 90,
        "win_rate": 0.6333,
        "implied": 0.5906,
        "edge_pts": 4.27
      }
    },
    "freshness": {
      "fresh": {
        "n": 112,
        "win_rate": 0.4643,
        "implied": 0.5213,
        "edge_pts": -5.7
      },
      "late": {
        "n": 139,
        "win_rate": 0.6403,
        "implied": 0.5855,
        "edge_pts": 5.47
      }
    },
    "agreement": {
      "clean": {
        "n": 36,
        "win_rate": 0.5556,
        "implied": 0.6761,
        "edge_pts": -12.05
      },
      "conflicted": {
        "n": 163,
        "win_rate": 0.6074,
        "implied": 0.5627,
        "edge_pts": 4.46
      }
    },
    "movement": {
      "new_or_rising": {
        "n": 153,
        "win_rate": 0.5817,
        "implied": 0.5699,
        "edge_pts": 1.18
      },
      "standing": {
        "n": 11,
        "win_rate": 0.6364,
        "implied": 0.542,
        "edge_pts": 9.43
      }
    }
  },
  "n_calls": 406,
  "n_unique_markets": 252
}