{"ts": 1783031222.028171, "tables": {"outright": {"france": 0.30412235006868793, "argentina": 0.16219858670330023, "spain": 0.12902160305944338, "england": 0.08963606107287644, "brazil": 0.07404718088628924, "portugal": 0.050090740011313306, "united states": 0.03275163769970486, "morocco": 0.030412235006868793, "mexico": 0.030412235006868793, "colombia": 0.02746911549007504, "norway": 0.020769331224203078, "belgium": 0.01851179522157231, "switzerland": 0.010512871360399089, "croatia": 0.004704655139184123, "canada": 0.004236530249713066, "egypt": 0.0024260472370151746, "paraguay": 0.0024260472370151746, "australia": 0.0024260472370151746, "ghana": 0.0016996857888070382, "algeria": 0.0016996857888070382, "cape verde": 0.00042555851084074273}, "politics": {"gavin newsom": 0.13670763361762034, "j d vance": 0.10822687661394945, "marco rubio": 0.10822687661394945, "jon ossoff": 0.05903284178942698, "alexandria ocasiocortez": 0.04995086612951513, "kamala harris": 0.04329075064557978, "donald trump": 0.024975433064757566, "tucker carlson": 0.022391767575299888, "josh shapiro": 0.019098860578932255, "pete buttigieg": 0.018037812768991576, "mark kelly": 0.018037812768991576, "ro khanna": 0.018037812768991576, "ron desantis": 0.015838079504480407, "gretchen whitmer": 0.015838079504480407, "andy beshear": 0.015838079504480407, "wes moore": 0.015838079504480407, "j b pritzker": 0.012732573719288171, "michelle obama": 0.011595736780066012, "tom cotton": 0.009838806964904495, "cory booker": 0.009838806964904495, "donald trump jr": 0.008016805675107366, "brian kemp": 0.008016805675107366, "nikki haley": 0.008016805675107366, "mark cuban": 0.008016805675107366, "jon stewart": 0.008016805675107366, "thomas massie": 0.008016805675107366, "dwayne johnson": 0.007135838018502162, "glenn youngkin": 0.007135838018502162, "ivanka trump": 0.0064293194028088784, "roy cooper": 0.0064293194028088784, "doug burgum": 0.0064293194028088784, "barack obama": 0.0064293194028088784, "stephen a smith": 0.0064293194028088784, "eric trump": 0.0064293194028088784, "chris murphy": 0.0064293194028088784, "ted cruz": 0.0064293194028088784, "raphael warnock": 0.00515366079114045, "katie britt": 0.00515366079114045, "amy klobuchar": 0.00515366079114045, "josh hawley": 0.004300405693269515, "robert f kennedy jr": 0.004300405693269515, "tulsi gabbard": 0.004300405693269515, "rand paul": 0.004300405693269515, "gina raimondo": 0.004300405693269515, "jamie dimon": 0.004300405693269515, "spencer cox": 0.004300405693269515, "erika kirk": 0.004300405693269515, "lara trump": 0.003689552611839186, "vivek ramaswamy": 0.003230653033252222, "hakeem jeffries": 0.003230653033252222, "george clooney": 0.003230653033252222, "mike johnson": 0.003230653033252222, "elizabeth warren": 0.0025870966521262815, "elon musk": 0.0025870966521262815, "anthony pompliano": 0.0025870966521262815, "jimmy kimmel": 0.0025870966521262815, "bill burr": 0.0025870966521262815, "kristi noem": 0.0021573463776867, "mike pompeo": 0.0021573463776867, "andrew cuomo": 0.0021573463776867, "beto orourke": 0.0021573463776867, "john fetterman": 0.0021573463776867, "phil murphy": 0.0021573463776867, "michael saylor": 0.0018500320788709308, "matthew mcconaughey": 0.0018500320788709308, "hillary clinton": 0.001619354762303483, "michael flynn": 0.001619354762303483, "ben shapiro": 0.001619354762303483, "joe rogan": 0.001619354762303483, "elise stefanik": 0.001619354762303483, "steve bannon": 0.001619354762303483, "oprah winfrey": 0.001296130258849694, "aaron rodgers": 0.001296130258849694, "taylor swift": 0.001296130258849694, "matt damon": 0.001296130258849694, "leonardo dicaprio": 0.001296130258849694, "bill maher": 0.001296130258849694, "bill gates": 0.001296130258849694, "tom brady": 0.001296130258849694, "peyton manning": 0.001296130258849694, "lebron james": 0.001296130258849694, "neil degrasse tyson": 0.001296130258849694, "marc andreessen": 0.001296130258849694, "steve garvey": 0.001296130258849694, "dan gilbert": 0.001296130258849694, "ted leonsis": 0.001296130258849694, "steve ballmer": 0.001296130258849694, "david blitzer": 0.001296130258849694, "josh harris": 0.001296130258849694, "terry pegula": 0.001296130258849694, "steve cohen": 0.001296130258849694, "greg abbott": 0.001296130258849694, "dean phillips": 0.001296130258849694, "kash patel": 0.0008646621300715003, "bill clinton": 0.0008646621300715003, "laura loomer": 0.0006487125471365602, "meghan markle": 0.0006487125471365602, "howard stern": 0.0006487125471365602, "beyonc": 0.0006487125471365602, "ben affleck": 0.0006487125471365602, "conan obrien": 0.0006487125471365602, "stephen colbert": 0.0006487125471365602, "tom hanks": 0.0006487125471365602, "chuck norris": 0.0006487125471365602, "samuel l jackson": 0.0006487125471365602, "shaquille oneal": 0.0006487125471365602, "john cena": 0.0006487125471365602, "sandra bullock": 0.0006487125471365602, "johnny depp": 0.0006487125471365602, "whoopi goldberg": 0.0006487125471365602, "nick saban": 0.0006487125471365602, "roger goodell": 0.0006487125471365602, "steve kerr": 0.0006487125471365602, "stephen curry": 0.0006487125471365602, "alex rodriguez": 0.0006487125471365602, "tiger woods": 0.0006487125471365602, "jeanie buss": 0.0006487125471365602, "john w henry": 0.0006487125471365602, "kanye west": 0.00032451837065652006, "dana white": 0.0002596406476144329, "joe biden": 0.0001298462826802033, "hunter biden": 0.0001298462826802033, "jill biden": 0.0001298462826802033, "jennifer lopez": 0.0001298462826802033, "denzel washington": 0.0001298462826802033, "clint eastwood": 0.0001298462826802033, "charles barkley": 0.0001298462826802033, "mel gibson": 0.0001298462826802033, "snoop dogg": 0.0001298462826802033, "gregg popovich": 0.0001298462826802033}, "matches": [{"teams": {"croatia": 0.17461098507956405, "portugal": 0.566578967906538, "draw": 0.25881004701389804}, "when": "2026-07-02"}, {"teams": {"algeria": 0.21904103493385388, "switzerland": 0.48772389212544415, "draw": 0.293235072940702}, "when": "2026-07-03"}, {"teams": {"australia": 0.2833954762113869, "egypt": 0.38395516131865326, "draw": 0.33264936246995985}, "when": "2026-07-03"}, {"teams": {"argentina": 0.8306805636612897, "cape verde": 0.04957113233796918, "draw": 0.11974830400074121}, "when": "2026-07-03"}, {"teams": {"colombia": 0.6618241341727119, "ghana": 0.11504325721096008, "draw": 0.22313260861632805}, "when": "2026-07-04"}, {"teams": {"canada": 0.1883609041996967, "morocco": 0.53525779814101, "draw": 0.27638129765929337}, "when": "2026-07-04"}, {"teams": {"france": 0.8094046487617487, "paraguay": 0.05444192639297159, "draw": 0.13615342484527984}, "when": "2026-07-04"}, {"teams": {"brazil": 0.5110850598410943, "norway": 0.22883718445137285, "draw": 0.26007775570753294}, "when": "2026-07-05"}, {"teams": {"england": 0.3927487959183212, "mexico": 0.3062996465744257, "draw": 0.30095155750725316}, "when": "2026-07-06"}, {"teams": {"belgium": 0.3546698393813207, "united states": 0.3643426531826294, "draw": 0.28098750743605}, "when": "2026-07-07"}]}}