{"ts": 1782937245.380521, "tables": {"outright": {"france": 0.29836407328714043, "argentina": 0.15987810719537338, "spain": 0.10333584977261938, "england": 0.09968870213358574, "brazil": 0.07703217892140717, "portugal": 0.056490264542365255, "morocco": 0.032590537235979954, "mexico": 0.032590537235979954, "united states": 0.02921910234949927, "colombia": 0.02733399897211222, "norway": 0.023537610225985522, "belgium": 0.01389104865795867, "switzerland": 0.01046116010043801, "croatia": 0.006468350901797548, "senegal": 0.005611615683016416, "canada": 0.005611615683016416, "paraguay": 0.004215691383758601, "egypt": 0.003375912223647326, "algeria": 0.002815129462244116, "australia": 0.0024141138693318485, "austria": 0.002113102164926381, "ghana": 0.0016913252856995584, "bosnia  herzegovina": 0.000846507460674804, "cape verde": 0.0004234652514420184}, "politics": {"gavin newsom": 0.13670763361762034, "j d vance": 0.10822687661394945, "marco rubio": 0.10822687661394945, "jon ossoff": 0.05903284178942698, "alexandria ocasiocortez": 0.04995086612951513, "kamala harris": 0.04329075064557978, "donald trump": 0.024975433064757566, "tucker carlson": 0.022391767575299888, "josh shapiro": 0.019098860578932255, "pete buttigieg": 0.018037812768991576, "mark kelly": 0.018037812768991576, "ro khanna": 0.018037812768991576, "ron desantis": 0.015838079504480407, "gretchen whitmer": 0.015838079504480407, "andy beshear": 0.015838079504480407, "wes moore": 0.015838079504480407, "j b pritzker": 0.012732573719288171, "michelle obama": 0.011595736780066012, "tom cotton": 0.009838806964904495, "cory booker": 0.009838806964904495, "donald trump jr": 0.008016805675107366, "brian kemp": 0.008016805675107366, "nikki haley": 0.008016805675107366, "mark cuban": 0.008016805675107366, "jon stewart": 0.008016805675107366, "thomas massie": 0.008016805675107366, "dwayne johnson": 0.007135838018502162, "glenn youngkin": 0.007135838018502162, "ivanka trump": 0.0064293194028088784, "roy cooper": 0.0064293194028088784, "doug burgum": 0.0064293194028088784, "barack obama": 0.0064293194028088784, "stephen a smith": 0.0064293194028088784, "eric trump": 0.0064293194028088784, "chris murphy": 0.0064293194028088784, "ted cruz": 0.0064293194028088784, "raphael warnock": 0.00515366079114045, "katie britt": 0.00515366079114045, "amy klobuchar": 0.00515366079114045, "josh hawley": 0.004300405693269515, "robert f kennedy jr": 0.004300405693269515, "tulsi gabbard": 0.004300405693269515, "rand paul": 0.004300405693269515, "gina raimondo": 0.004300405693269515, "jamie dimon": 0.004300405693269515, "spencer cox": 0.004300405693269515, "erika kirk": 0.004300405693269515, "lara trump": 0.003689552611839186, "vivek ramaswamy": 0.003230653033252222, "hakeem jeffries": 0.003230653033252222, "george clooney": 0.003230653033252222, "mike johnson": 0.003230653033252222, "elizabeth warren": 0.0025870966521262815, "elon musk": 0.0025870966521262815, "anthony pompliano": 0.0025870966521262815, "jimmy kimmel": 0.0025870966521262815, "bill burr": 0.0025870966521262815, "kristi noem": 0.0021573463776867, "mike pompeo": 0.0021573463776867, "andrew cuomo": 0.0021573463776867, "beto orourke": 0.0021573463776867, "john fetterman": 0.0021573463776867, "phil murphy": 0.0021573463776867, "michael saylor": 0.0018500320788709308, "matthew mcconaughey": 0.0018500320788709308, "hillary clinton": 0.001619354762303483, "michael flynn": 0.001619354762303483, "ben shapiro": 0.001619354762303483, "joe rogan": 0.001619354762303483, "elise stefanik": 0.001619354762303483, "steve bannon": 0.001619354762303483, "oprah winfrey": 0.001296130258849694, "aaron rodgers": 0.001296130258849694, "taylor swift": 0.001296130258849694, "matt damon": 0.001296130258849694, "leonardo dicaprio": 0.001296130258849694, "bill maher": 0.001296130258849694, "bill gates": 0.001296130258849694, "tom brady": 0.001296130258849694, "peyton manning": 0.001296130258849694, "lebron james": 0.001296130258849694, "neil degrasse tyson": 0.001296130258849694, "marc andreessen": 0.001296130258849694, "steve garvey": 0.001296130258849694, "dan gilbert": 0.001296130258849694, "ted leonsis": 0.001296130258849694, "steve ballmer": 0.001296130258849694, "david blitzer": 0.001296130258849694, "josh harris": 0.001296130258849694, "terry pegula": 0.001296130258849694, "steve cohen": 0.001296130258849694, "greg abbott": 0.001296130258849694, "dean phillips": 0.001296130258849694, "kash patel": 0.0008646621300715003, "bill clinton": 0.0008646621300715003, "laura loomer": 0.0006487125471365602, "meghan markle": 0.0006487125471365602, "howard stern": 0.0006487125471365602, "beyonc": 0.0006487125471365602, "ben affleck": 0.0006487125471365602, "conan obrien": 0.0006487125471365602, "stephen colbert": 0.0006487125471365602, "tom hanks": 0.0006487125471365602, "chuck norris": 0.0006487125471365602, "samuel l jackson": 0.0006487125471365602, "shaquille oneal": 0.0006487125471365602, "john cena": 0.0006487125471365602, "sandra bullock": 0.0006487125471365602, "johnny depp": 0.0006487125471365602, "whoopi goldberg": 0.0006487125471365602, "nick saban": 0.0006487125471365602, "roger goodell": 0.0006487125471365602, "steve kerr": 0.0006487125471365602, "stephen curry": 0.0006487125471365602, "alex rodriguez": 0.0006487125471365602, "tiger woods": 0.0006487125471365602, "jeanie buss": 0.0006487125471365602, "john w henry": 0.0006487125471365602, "kanye west": 0.00032451837065652006, "dana white": 0.0002596406476144329, "joe biden": 0.0001298462826802033, "hunter biden": 0.0001298462826802033, "jill biden": 0.0001298462826802033, "jennifer lopez": 0.0001298462826802033, "denzel washington": 0.0001298462826802033, "clint eastwood": 0.0001298462826802033, "charles barkley": 0.0001298462826802033, "mel gibson": 0.0001298462826802033, "snoop dogg": 0.0001298462826802033, "gregg popovich": 0.0001298462826802033}, "matches": [{"teams": {"belgium": 0.45038696363241143, "senegal": 0.25697941235302185, "draw": 0.2926336240145668}, "when": "2026-07-01"}, {"teams": {"bosnia  herzegovina": 0.10855305337453697, "united states": 0.7007602986437051, "draw": 0.19068664798175786}, "when": "2026-07-02"}, {"teams": {"austria": 0.09423861990184836, "spain": 0.7235382191516319, "draw": 0.18222316094651986}, "when": "2026-07-02"}, {"teams": {"croatia": 0.19583730241361522, "portugal": 0.5353528505895736, "draw": 0.2688098469968113}, "when": "2026-07-02"}, {"teams": {"algeria": 0.23730002326831967, "switzerland": 0.4686164666141294, "draw": 0.2940835101175509}, "when": "2026-07-03"}, {"teams": {"australia": 0.28512389036120017, "egypt": 0.38279063733575497, "draw": 0.33208547230304497}, "when": "2026-07-03"}, {"teams": {"argentina": 0.8235899124884696, "cape verde": 0.05169696139876947, "draw": 0.12471312611276089}, "when": "2026-07-03"}, {"teams": {"colombia": 0.6274087066842936, "ghana": 0.13153948057381049, "draw": 0.24105181274189605}, "when": "2026-07-04"}, {"teams": {"canada": 0.1949737313573754, "morocco": 0.529466217629034, "draw": 0.27556005101359066}, "when": "2026-07-04"}, {"teams": {"france": 0.8056055500882029, "paraguay": 0.056933466860711046, "draw": 0.13746098305108614}, "when": "2026-07-04"}, {"teams": {"brazil": 0.5025079889905977, "norway": 0.23111706233174123, "draw": 0.2663749486776612}, "when": "2026-07-05"}, {"teams": {"england": 0.41889975582675254, "mexico": 0.27995367539996546, "draw": 0.3011465687732821}, "when": "2026-07-06"}]}}