{"ts": 1782830941.9524858, "tables": {"outright": {"france": 0.23977627398503898, "argentina": 0.1678433917895273, "spain": 0.11189559452635153, "england": 0.10490211986845456, "brazil": 0.08392169589476366, "portugal": 0.06455515068827973, "morocco": 0.044169313628822975, "united states": 0.027071514804762466, "colombia": 0.024682851733754015, "norway": 0.020468706315796014, "belgium": 0.016455234489169343, "mexico": 0.016455234489169343, "switzerland": 0.01181995716827657, "ecuador": 0.008309078801461747, "senegal": 0.008309078801461747, "croatia": 0.006935677346674682, "paraguay": 0.006935677346674682, "canada": 0.005557728204951235, "cote d'ivoire": 0.005557728204951235, "sweden": 0.004175208750983266, "austria": 0.004175208750983266, "australia": 0.004175208750983266, "egypt": 0.0033434938603491495, "algeria": 0.0033434938603491495, "ghana": 0.00209281037144049, "bosnia  herzegovina": 0.001675083750394484, "dr congo": 0.0008383785803672692, "cape verde": 0.0005591052358078858}, "politics": {"gavin newsom": 0.14311972061783068, "marco rubio": 0.11709795323277056, "j d vance": 0.09908288350465201, "alexandria ocasiocortez": 0.049541441752326006, "jon ossoff": 0.049541441752326006, "kamala harris": 0.033896775935802, "donald trump": 0.024770720876163003, "josh shapiro": 0.022208232509663382, "mark kelly": 0.022208232509663382, "tucker carlson": 0.022208232509663382, "gretchen whitmer": 0.017889965077228835, "pete buttigieg": 0.017889965077228835, "andy beshear": 0.017889965077228835, "wes moore": 0.017889965077228835, "ro khanna": 0.017889965077228835, "ron desantis": 0.015708262019030198, "j b pritzker": 0.015708262019030198, "michelle obama": 0.011500691835361393, "tom cotton": 0.009758162769397546, "cory booker": 0.009758162769397546, "donald trump jr": 0.007951095589879482, "brian kemp": 0.007951095589879482, "nikki haley": 0.007951095589879482, "mark cuban": 0.007951095589879482, "jon stewart": 0.007951095589879482, "thomas massie": 0.007951095589879482, "dwayne johnson": 0.007077348821760859, "glenn youngkin": 0.007077348821760859, "ivanka trump": 0.006376621215645922, "roy cooper": 0.006376621215645922, "doug burgum": 0.006376621215645922, "barack obama": 0.006376621215645922, "stephen a smith": 0.006376621215645922, "eric trump": 0.006376621215645922, "chris murphy": 0.006376621215645922, "ted cruz": 0.006376621215645922, "raphael warnock": 0.005111418593493952, "katie britt": 0.005111418593493952, "amy klobuchar": 0.005111418593493952, "josh hawley": 0.004265157236955219, "robert f kennedy jr": 0.004265157236955219, "tulsi gabbard": 0.004265157236955219, "rand paul": 0.004265157236955219, "gina raimondo": 0.004265157236955219, "jamie dimon": 0.004265157236955219, "spencer cox": 0.004265157236955219, "erika kirk": 0.004265157236955219, "lara trump": 0.00365931103852408, "vivek ramaswamy": 0.0032041728496529256, "hakeem jeffries": 0.0032041728496529256, "george clooney": 0.0032041728496529256, "mike johnson": 0.0032041728496529256, "elizabeth warren": 0.0025658914054989563, "elon musk": 0.0025658914054989563, "anthony pompliano": 0.0025658914054989563, "jimmy kimmel": 0.0025658914054989563, "bill burr": 0.0025658914054989563, "kristi noem": 0.0021396635972765385, "mike pompeo": 0.0021396635972765385, "andrew cuomo": 0.0021396635972765385, "beto orourke": 0.0021396635972765385, "john fetterman": 0.0021396635972765385, "phil murphy": 0.0021396635972765385, "michael saylor": 0.0018348682130491115, "matthew mcconaughey": 0.0018348682130491115, "hillary clinton": 0.0016060816528185489, "michael flynn": 0.0016060816528185489, "ben shapiro": 0.0016060816528185489, "joe rogan": 0.0016060816528185489, "elise stefanik": 0.0016060816528185489, "steve bannon": 0.0016060816528185489, "oprah winfrey": 0.0012855064726152456, "aaron rodgers": 0.0012855064726152456, "taylor swift": 0.0012855064726152456, "matt damon": 0.0012855064726152456, "leonardo dicaprio": 0.0012855064726152456, "bill maher": 0.0012855064726152456, "bill gates": 0.0012855064726152456, "tom brady": 0.0012855064726152456, "peyton manning": 0.0012855064726152456, "lebron james": 0.0012855064726152456, "neil degrasse tyson": 0.0012855064726152456, "marc andreessen": 0.0012855064726152456, "steve garvey": 0.0012855064726152456, "dan gilbert": 0.0012855064726152456, "ted leonsis": 0.0012855064726152456, "steve ballmer": 0.0012855064726152456, "david blitzer": 0.0012855064726152456, "josh harris": 0.0012855064726152456, "terry pegula": 0.0012855064726152456, "steve cohen": 0.0012855064726152456, "greg abbott": 0.0012855064726152456, "dean phillips": 0.0012855064726152456, "kash patel": 0.0008575748905196247, "bill clinton": 0.0008575748905196247, "laura loomer": 0.0006433953474328052, "meghan markle": 0.0006433953474328052, "howard stern": 0.0006433953474328052, "beyonc": 0.0006433953474328052, "ben affleck": 0.0006433953474328052, "conan obrien": 0.0006433953474328052, "stephen colbert": 0.0006433953474328052, "tom hanks": 0.0006433953474328052, "chuck norris": 0.0006433953474328052, "samuel l jackson": 0.0006433953474328052, "shaquille oneal": 0.0006433953474328052, "john cena": 0.0006433953474328052, "sandra bullock": 0.0006433953474328052, "johnny depp": 0.0006433953474328052, "whoopi goldberg": 0.0006433953474328052, "nick saban": 0.0006433953474328052, "roger goodell": 0.0006433953474328052, "steve kerr": 0.0006433953474328052, "stephen curry": 0.0006433953474328052, "alex rodriguez": 0.0006433953474328052, "tiger woods": 0.0006433953474328052, "jeanie buss": 0.0006433953474328052, "john w henry": 0.0006433953474328052, "kanye west": 0.0003218584421690345, "dana white": 0.00025751249211524916, "joe biden": 0.0001287819921576161, "hunter biden": 0.0001287819921576161, "jill biden": 0.0001287819921576161, "jennifer lopez": 0.0001287819921576161, "denzel washington": 0.0001287819921576161, "clint eastwood": 0.0001287819921576161, "charles barkley": 0.0001287819921576161, "mel gibson": 0.0001287819921576161, "snoop dogg": 0.0001287819921576161, "gregg popovich": 0.0001287819921576161}, "matches": [{"teams": {"cote d'ivoire": 0.2689363410593558, "norway": 0.44859592965188677, "draw": 0.2824677292887574}, "when": "2026-06-30"}, {"teams": {"france": 0.7431741427160974, "sweden": 0.09550459975016597, "draw": 0.16132125753373663}, "when": "2026-06-30"}, {"teams": {"ecuador": 0.24541910755484253, "mexico": 0.42215344275196925, "draw": 0.33242744969318827}, "when": "2026-07-01"}, {"teams": {"dr congo": 0.07470191040058587, "england": 0.7477507583682542, "draw": 0.1775473312311599}, "when": "2026-07-01"}, {"teams": {"belgium": 0.4323713297330752, "senegal": 0.2707314438484998, "draw": 0.296897226418425}, "when": "2026-07-01"}, {"teams": {"bosnia  herzegovina": 0.10826465203218293, "united states": 0.6949286743124149, "draw": 0.19680667365540225}, "when": "2026-07-02"}, {"teams": {"austria": 0.09231882596449509, "spain": 0.7254874500058849, "draw": 0.18219372402962003}, "when": "2026-07-02"}, {"teams": {"croatia": 0.19056179801037396, "portugal": 0.5382228498106824, "draw": 0.27121535217894366}, "when": "2026-07-02"}, {"teams": {"algeria": 0.24177482943881148, "switzerland": 0.46370795554981775, "draw": 0.29451721501137074}, "when": "2026-07-03"}, {"teams": {"australia": 0.28266780141200515, "egypt": 0.3835291356853377, "draw": 0.33380306290265704}, "when": "2026-07-03"}, {"teams": {"argentina": 0.8200748616056237, "cape verde": 0.05320485687490144, "draw": 0.1267202815194748}, "when": "2026-07-03"}, {"teams": {"colombia": 0.6284993003945083, "ghana": 0.13042703430409114, "draw": 0.2410736653014007}, "when": "2026-07-04"}, {"teams": {"canada": 0.18897479603948705, "morocco": 0.5431006424639105, "draw": 0.2679245614966024}, "when": "2026-07-04"}]}}